date,zscore,+1,-1,+2,-2
2020-01-01 00:00:00+00:00,,1.0,-1.0,2.0,-2.0
2020-01-02 00:00:00+00:00,,1.0,-1.0,2.0,-2.0
2020-01-03 00:00:00+00:00,,1.0,-1.0,2.0,-2.0
2020-01-06 00:00:00+00:00,,1.0,-1.0,2.0,-2.0
2020-01-07 00:00:00+00:00,,1.0,-1.0,2.0,-2.0
2020-01-08 00:00:00+00:00,,1.0,-1.0,2.0,-2.0
2020-01-09 00:00:00+00:00,,1.0,-1.0,2.0,-2.0
2020-01-10 00:00:00+00:00,,1.0,-1.0,2.0,-2.0
2020-01-13 00:00:00+00:00,,1.0,-1.0,2.0,-2.0
2020-01-14 00:00:00+00:00,,1.0,-1.0,2.0,-2.0
2020-01-15 00:00:00+00:00,,1.0,-1.0,2.0,-2.0
2020-01-16 00:00:00+00:00,,1.0,-1.0,2.0,-2.0
2020-01-17 00:00:00+00:00,,1.0,-1.0,2.0,-2.0
2020-01-21 00:00:00+00:00,,1.0,-1.0,2.0,-2.0
2020-01-22 00:00:00+00:00,,1.0,-1.0,2.0,-2.0
2020-01-23 00:00:00+00:00,,1.0,-1.0,2.0,-2.0
2020-01-24 00:00:00+00:00,,1.0,-1.0,2.0,-2.0
2020-01-27 00:00:00+00:00,,1.0,-1.0,2.0,-2.0
2020-01-28 00:00:00+00:00,,1.0,-1.0,2.0,-2.0
2020-01-29 00:00:00+00:00,,1.0,-1.0,2.0,-2.0
2020-01-30 00:00:00+00:00,,1.0,-1.0,2.0,-2.0
2020-01-31 00:00:00+00:00,,1.0,-1.0,2.0,-2.0
2020-02-03 00:00:00+00:00,,1.0,-1.0,2.0,-2.0
2020-02-04 00:00:00+00:00,,1.0,-1.0,2.0,-2.0
2020-02-05 00:00:00+00:00,,1.0,-1.0,2.0,-2.0
2020-02-06 00:00:00+00:00,,1.0,-1.0,2.0,-2.0
2020-02-07 00:00:00+00:00,,1.0,-1.0,2.0,-2.0
2020-02-10 00:00:00+00:00,,1.0,-1.0,2.0,-2.0
2020-02-11 00:00:00+00:00,,1.0,-1.0,2.0,-2.0
2020-02-12 00:00:00+00:00,,1.0,-1.0,2.0,-2.0
2020-02-13 00:00:00+00:00,,1.0,-1.0,2.0,-2.0
2020-02-14 00:00:00+00:00,,1.0,-1.0,2.0,-2.0
2020-02-18 00:00:00+00:00,,1.0,-1.0,2.0,-2.0
2020-02-19 00:00:00+00:00,,1.0,-1.0,2.0,-2.0
2020-02-20 00:00:00+00:00,,1.0,-1.0,2.0,-2.0
2020-02-21 00:00:00+00:00,,1.0,-1.0,2.0,-2.0
2020-02-24 00:00:00+00:00,,1.0,-1.0,2.0,-2.0
2020-02-25 00:00:00+00:00,,1.0,-1.0,2.0,-2.0
2020-02-26 00:00:00+00:00,,1.0,-1.0,2.0,-2.0
2020-02-27 00:00:00+00:00,,1.0,-1.0,2.0,-2.0
2020-02-28 00:00:00+00:00,,1.0,-1.0,2.0,-2.0
2020-03-02 00:00:00+00:00,,1.0,-1.0,2.0,-2.0
2020-03-03 00:00:00+00:00,,1.0,-1.0,2.0,-2.0
2020-03-04 00:00:00+00:00,,1.0,-1.0,2.0,-2.0
2020-03-05 00:00:00+00:00,,1.0,-1.0,2.0,-2.0
2020-03-06 00:00:00+00:00,,1.0,-1.0,2.0,-2.0
2020-03-09 00:00:00+00:00,,1.0,-1.0,2.0,-2.0
2020-03-10 00:00:00+00:00,,1.0,-1.0,2.0,-2.0
2020-03-11 00:00:00+00:00,,1.0,-1.0,2.0,-2.0
2020-03-12 00:00:00+00:00,,1.0,-1.0,2.0,-2.0
2020-03-13 00:00:00+00:00,,1.0,-1.0,2.0,-2.0
2020-03-16 00:00:00+00:00,,1.0,-1.0,2.0,-2.0
2020-03-17 00:00:00+00:00,,1.0,-1.0,2.0,-2.0
2020-03-18 00:00:00+00:00,,1.0,-1.0,2.0,-2.0
2020-03-19 00:00:00+00:00,,1.0,-1.0,2.0,-2.0
2020-03-20 00:00:00+00:00,,1.0,-1.0,2.0,-2.0
2020-03-23 00:00:00+00:00,,1.0,-1.0,2.0,-2.0
2020-03-24 00:00:00+00:00,,1.0,-1.0,2.0,-2.0
2020-03-25 00:00:00+00:00,,1.0,-1.0,2.0,-2.0
2020-03-26 00:00:00+00:00,,1.0,-1.0,2.0,-2.0
2020-03-27 00:00:00+00:00,,1.0,-1.0,2.0,-2.0
2020-03-30 00:00:00+00:00,,1.0,-1.0,2.0,-2.0
2020-03-31 00:00:00+00:00,,1.0,-1.0,2.0,-2.0
2020-04-01 00:00:00+00:00,,1.0,-1.0,2.0,-2.0
2020-04-02 00:00:00+00:00,,1.0,-1.0,2.0,-2.0
2020-04-03 00:00:00+00:00,,1.0,-1.0,2.0,-2.0
2020-04-06 00:00:00+00:00,,1.0,-1.0,2.0,-2.0
2020-04-07 00:00:00+00:00,,1.0,-1.0,2.0,-2.0
2020-04-08 00:00:00+00:00,,1.0,-1.0,2.0,-2.0
2020-04-09 00:00:00+00:00,,1.0,-1.0,2.0,-2.0
2020-04-10 00:00:00+00:00,,1.0,-1.0,2.0,-2.0
2020-04-13 00:00:00+00:00,,1.0,-1.0,2.0,-2.0
2020-04-14 00:00:00+00:00,,1.0,-1.0,2.0,-2.0
2020-04-15 00:00:00+00:00,,1.0,-1.0,2.0,-2.0
2020-04-16 00:00:00+00:00,,1.0,-1.0,2.0,-2.0
2020-04-17 00:00:00+00:00,,1.0,-1.0,2.0,-2.0
2020-04-20 00:00:00+00:00,,1.0,-1.0,2.0,-2.0
2020-04-21 00:00:00+00:00,,1.0,-1.0,2.0,-2.0
2020-04-22 00:00:00+00:00,,1.0,-1.0,2.0,-2.0
2020-04-23 00:00:00+00:00,,1.0,-1.0,2.0,-2.0
2020-04-24 00:00:00+00:00,,1.0,-1.0,2.0,-2.0
2020-04-27 00:00:00+00:00,,1.0,-1.0,2.0,-2.0
2020-04-28 00:00:00+00:00,,1.0,-1.0,2.0,-2.0
2020-04-29 00:00:00+00:00,,1.0,-1.0,2.0,-2.0
2020-04-30 00:00:00+00:00,,1.0,-1.0,2.0,-2.0
2020-05-01 00:00:00+00:00,,1.0,-1.0,2.0,-2.0
2020-05-04 00:00:00+00:00,,1.0,-1.0,2.0,-2.0
2020-05-05 00:00:00+00:00,,1.0,-1.0,2.0,-2.0
2020-05-06 00:00:00+00:00,,1.0,-1.0,2.0,-2.0
2020-05-07 00:00:00+00:00,,1.0,-1.0,2.0,-2.0
2020-05-08 00:00:00+00:00,,1.0,-1.0,2.0,-2.0
2020-05-11 00:00:00+00:00,,1.0,-1.0,2.0,-2.0
2020-05-12 00:00:00+00:00,,1.0,-1.0,2.0,-2.0
2020-05-13 00:00:00+00:00,,1.0,-1.0,2.0,-2.0
2020-05-14 00:00:00+00:00,,1.0,-1.0,2.0,-2.0
2020-05-15 00:00:00+00:00,,1.0,-1.0,2.0,-2.0
2020-05-18 00:00:00+00:00,,1.0,-1.0,2.0,-2.0
2020-05-19 00:00:00+00:00,,1.0,-1.0,2.0,-2.0
2020-05-20 00:00:00+00:00,,1.0,-1.0,2.0,-2.0
2020-05-21 00:00:00+00:00,,1.0,-1.0,2.0,-2.0
2020-05-22 00:00:00+00:00,,1.0,-1.0,2.0,-2.0
2020-05-25 00:00:00+00:00,,1.0,-1.0,2.0,-2.0
2020-05-26 00:00:00+00:00,,1.0,-1.0,2.0,-2.0
2020-05-27 00:00:00+00:00,,1.0,-1.0,2.0,-2.0
2020-05-28 00:00:00+00:00,,1.0,-1.0,2.0,-2.0
2020-05-29 00:00:00+00:00,,1.0,-1.0,2.0,-2.0
2020-06-01 00:00:00+00:00,,1.0,-1.0,2.0,-2.0
2020-06-02 00:00:00+00:00,,1.0,-1.0,2.0,-2.0
2020-06-03 00:00:00+00:00,,1.0,-1.0,2.0,-2.0
2020-06-04 00:00:00+00:00,,1.0,-1.0,2.0,-2.0
2020-06-05 00:00:00+00:00,,1.0,-1.0,2.0,-2.0
2020-06-08 00:00:00+00:00,,1.0,-1.0,2.0,-2.0
2020-06-09 00:00:00+00:00,,1.0,-1.0,2.0,-2.0
2020-06-10 00:00:00+00:00,,1.0,-1.0,2.0,-2.0
2020-06-11 00:00:00+00:00,,1.0,-1.0,2.0,-2.0
2020-06-12 00:00:00+00:00,,1.0,-1.0,2.0,-2.0
2020-06-15 00:00:00+00:00,,1.0,-1.0,2.0,-2.0
2020-06-16 00:00:00+00:00,,1.0,-1.0,2.0,-2.0
2020-06-17 00:00:00+00:00,,1.0,-1.0,2.0,-2.0
2020-06-18 00:00:00+00:00,,1.0,-1.0,2.0,-2.0
2020-06-19 00:00:00+00:00,,1.0,-1.0,2.0,-2.0
2020-06-22 00:00:00+00:00,,1.0,-1.0,2.0,-2.0
2020-06-23 00:00:00+00:00,,1.0,-1.0,2.0,-2.0
2020-06-24 00:00:00+00:00,,1.0,-1.0,2.0,-2.0
2020-06-25 00:00:00+00:00,,1.0,-1.0,2.0,-2.0
2020-06-26 00:00:00+00:00,,1.0,-1.0,2.0,-2.0
2020-06-29 00:00:00+00:00,,1.0,-1.0,2.0,-2.0
2020-06-30 00:00:00+00:00,,1.0,-1.0,2.0,-2.0
2020-07-01 00:00:00+00:00,,1.0,-1.0,2.0,-2.0
2020-07-02 00:00:00+00:00,,1.0,-1.0,2.0,-2.0
2020-07-06 00:00:00+00:00,,1.0,-1.0,2.0,-2.0
2020-07-07 00:00:00+00:00,,1.0,-1.0,2.0,-2.0
2020-07-08 00:00:00+00:00,,1.0,-1.0,2.0,-2.0
2020-07-09 00:00:00+00:00,,1.0,-1.0,2.0,-2.0
2020-07-10 00:00:00+00:00,,1.0,-1.0,2.0,-2.0
2020-07-13 00:00:00+00:00,,1.0,-1.0,2.0,-2.0
2020-07-14 00:00:00+00:00,,1.0,-1.0,2.0,-2.0
2020-07-15 00:00:00+00:00,,1.0,-1.0,2.0,-2.0
2020-07-16 00:00:00+00:00,,1.0,-1.0,2.0,-2.0
2020-07-17 00:00:00+00:00,,1.0,-1.0,2.0,-2.0
2020-07-20 00:00:00+00:00,,1.0,-1.0,2.0,-2.0
2020-07-21 00:00:00+00:00,,1.0,-1.0,2.0,-2.0
2020-07-22 00:00:00+00:00,,1.0,-1.0,2.0,-2.0
2020-07-23 00:00:00+00:00,,1.0,-1.0,2.0,-2.0
2020-07-24 00:00:00+00:00,,1.0,-1.0,2.0,-2.0
2020-07-27 00:00:00+00:00,,1.0,-1.0,2.0,-2.0
2020-07-28 00:00:00+00:00,,1.0,-1.0,2.0,-2.0
2020-07-29 00:00:00+00:00,,1.0,-1.0,2.0,-2.0
2020-07-30 00:00:00+00:00,,1.0,-1.0,2.0,-2.0
2020-07-31 00:00:00+00:00,,1.0,-1.0,2.0,-2.0
2020-08-03 00:00:00+00:00,,1.0,-1.0,2.0,-2.0
2020-08-04 00:00:00+00:00,,1.0,-1.0,2.0,-2.0
2020-08-05 00:00:00+00:00,,1.0,-1.0,2.0,-2.0
2020-08-06 00:00:00+00:00,,1.0,-1.0,2.0,-2.0
2020-08-07 00:00:00+00:00,,1.0,-1.0,2.0,-2.0
2020-08-10 00:00:00+00:00,,1.0,-1.0,2.0,-2.0
2020-08-11 00:00:00+00:00,,1.0,-1.0,2.0,-2.0
2020-08-12 00:00:00+00:00,,1.0,-1.0,2.0,-2.0
2020-08-13 00:00:00+00:00,,1.0,-1.0,2.0,-2.0
2020-08-14 00:00:00+00:00,,1.0,-1.0,2.0,-2.0
2020-08-17 00:00:00+00:00,,1.0,-1.0,2.0,-2.0
2020-08-18 00:00:00+00:00,,1.0,-1.0,2.0,-2.0
2020-08-19 00:00:00+00:00,,1.0,-1.0,2.0,-2.0
2020-08-20 00:00:00+00:00,,1.0,-1.0,2.0,-2.0
2020-08-21 00:00:00+00:00,,1.0,-1.0,2.0,-2.0
2020-08-24 00:00:00+00:00,,1.0,-1.0,2.0,-2.0
2020-08-25 00:00:00+00:00,,1.0,-1.0,2.0,-2.0
2020-08-26 00:00:00+00:00,,1.0,-1.0,2.0,-2.0
2020-08-27 00:00:00+00:00,,1.0,-1.0,2.0,-2.0
2020-08-28 00:00:00+00:00,,1.0,-1.0,2.0,-2.0
2020-08-31 00:00:00+00:00,,1.0,-1.0,2.0,-2.0
2020-09-01 00:00:00+00:00,,1.0,-1.0,2.0,-2.0
2020-09-02 00:00:00+00:00,,1.0,-1.0,2.0,-2.0
2020-09-03 00:00:00+00:00,,1.0,-1.0,2.0,-2.0
2020-09-04 00:00:00+00:00,,1.0,-1.0,2.0,-2.0
2020-09-07 00:00:00+00:00,,1.0,-1.0,2.0,-2.0
2020-09-08 00:00:00+00:00,,1.0,-1.0,2.0,-2.0
2020-09-09 00:00:00+00:00,,1.0,-1.0,2.0,-2.0
2020-09-10 00:00:00+00:00,,1.0,-1.0,2.0,-2.0
2020-09-11 00:00:00+00:00,,1.0,-1.0,2.0,-2.0
2020-09-14 00:00:00+00:00,,1.0,-1.0,2.0,-2.0
2020-09-15 00:00:00+00:00,,1.0,-1.0,2.0,-2.0
2020-09-16 00:00:00+00:00,,1.0,-1.0,2.0,-2.0
2020-09-17 00:00:00+00:00,,1.0,-1.0,2.0,-2.0
2020-09-18 00:00:00+00:00,,1.0,-1.0,2.0,-2.0
2020-09-21 00:00:00+00:00,,1.0,-1.0,2.0,-2.0
2020-09-22 00:00:00+00:00,,1.0,-1.0,2.0,-2.0
2020-09-23 00:00:00+00:00,,1.0,-1.0,2.0,-2.0
2020-09-24 00:00:00+00:00,,1.0,-1.0,2.0,-2.0
2020-09-25 00:00:00+00:00,,1.0,-1.0,2.0,-2.0
2020-09-28 00:00:00+00:00,,1.0,-1.0,2.0,-2.0
2020-09-29 00:00:00+00:00,,1.0,-1.0,2.0,-2.0
2020-09-30 00:00:00+00:00,,1.0,-1.0,2.0,-2.0
2020-10-01 00:00:00+00:00,,1.0,-1.0,2.0,-2.0
2020-10-02 00:00:00+00:00,,1.0,-1.0,2.0,-2.0
2020-10-05 00:00:00+00:00,,1.0,-1.0,2.0,-2.0
2020-10-06 00:00:00+00:00,,1.0,-1.0,2.0,-2.0
2020-10-07 00:00:00+00:00,,1.0,-1.0,2.0,-2.0
2020-10-08 00:00:00+00:00,,1.0,-1.0,2.0,-2.0
2020-10-09 00:00:00+00:00,,1.0,-1.0,2.0,-2.0
2020-10-12 00:00:00+00:00,,1.0,-1.0,2.0,-2.0
2020-10-13 00:00:00+00:00,,1.0,-1.0,2.0,-2.0
2020-10-14 00:00:00+00:00,,1.0,-1.0,2.0,-2.0
2020-10-15 00:00:00+00:00,,1.0,-1.0,2.0,-2.0
2020-10-16 00:00:00+00:00,,1.0,-1.0,2.0,-2.0
2020-10-19 00:00:00+00:00,,1.0,-1.0,2.0,-2.0
2020-10-20 00:00:00+00:00,,1.0,-1.0,2.0,-2.0
2020-10-21 00:00:00+00:00,,1.0,-1.0,2.0,-2.0
2020-10-22 00:00:00+00:00,,1.0,-1.0,2.0,-2.0
2020-10-23 00:00:00+00:00,,1.0,-1.0,2.0,-2.0
2020-10-26 00:00:00+00:00,,1.0,-1.0,2.0,-2.0
2020-10-27 00:00:00+00:00,,1.0,-1.0,2.0,-2.0
2020-10-28 00:00:00+00:00,,1.0,-1.0,2.0,-2.0
2020-10-29 00:00:00+00:00,,1.0,-1.0,2.0,-2.0
2020-10-30 00:00:00+00:00,,1.0,-1.0,2.0,-2.0
2020-11-02 00:00:00+00:00,,1.0,-1.0,2.0,-2.0
2020-11-03 00:00:00+00:00,,1.0,-1.0,2.0,-2.0
2020-11-04 00:00:00+00:00,,1.0,-1.0,2.0,-2.0
2020-11-05 00:00:00+00:00,,1.0,-1.0,2.0,-2.0
2020-11-06 00:00:00+00:00,,1.0,-1.0,2.0,-2.0
2020-11-09 00:00:00+00:00,,1.0,-1.0,2.0,-2.0
2020-11-10 00:00:00+00:00,,1.0,-1.0,2.0,-2.0
2020-11-11 00:00:00+00:00,,1.0,-1.0,2.0,-2.0
2020-11-12 00:00:00+00:00,,1.0,-1.0,2.0,-2.0
2020-11-13 00:00:00+00:00,,1.0,-1.0,2.0,-2.0
2020-11-16 00:00:00+00:00,,1.0,-1.0,2.0,-2.0
2020-11-17 00:00:00+00:00,,1.0,-1.0,2.0,-2.0
2020-11-18 00:00:00+00:00,,1.0,-1.0,2.0,-2.0
2020-11-19 00:00:00+00:00,,1.0,-1.0,2.0,-2.0
2020-11-20 00:00:00+00:00,,1.0,-1.0,2.0,-2.0
2020-11-23 00:00:00+00:00,,1.0,-1.0,2.0,-2.0
2020-11-24 00:00:00+00:00,,1.0,-1.0,2.0,-2.0
2020-11-25 00:00:00+00:00,,1.0,-1.0,2.0,-2.0
2020-11-27 00:00:00+00:00,,1.0,-1.0,2.0,-2.0
2020-11-30 00:00:00+00:00,,1.0,-1.0,2.0,-2.0
2020-12-01 00:00:00+00:00,,1.0,-1.0,2.0,-2.0
2020-12-02 00:00:00+00:00,,1.0,-1.0,2.0,-2.0
2020-12-03 00:00:00+00:00,,1.0,-1.0,2.0,-2.0
2020-12-04 00:00:00+00:00,,1.0,-1.0,2.0,-2.0
2020-12-07 00:00:00+00:00,,1.0,-1.0,2.0,-2.0
2020-12-08 00:00:00+00:00,,1.0,-1.0,2.0,-2.0
2020-12-09 00:00:00+00:00,,1.0,-1.0,2.0,-2.0
2020-12-10 00:00:00+00:00,,1.0,-1.0,2.0,-2.0
2020-12-11 00:00:00+00:00,,1.0,-1.0,2.0,-2.0
2020-12-14 00:00:00+00:00,,1.0,-1.0,2.0,-2.0
2020-12-15 00:00:00+00:00,,1.0,-1.0,2.0,-2.0
2020-12-16 00:00:00+00:00,,1.0,-1.0,2.0,-2.0
2020-12-17 00:00:00+00:00,,1.0,-1.0,2.0,-2.0
2020-12-18 00:00:00+00:00,,1.0,-1.0,2.0,-2.0
2020-12-21 00:00:00+00:00,,1.0,-1.0,2.0,-2.0
2020-12-22 00:00:00+00:00,,1.0,-1.0,2.0,-2.0
2020-12-23 00:00:00+00:00,,1.0,-1.0,2.0,-2.0
2020-12-24 00:00:00+00:00,,1.0,-1.0,2.0,-2.0
2020-12-28 00:00:00+00:00,,1.0,-1.0,2.0,-2.0
2020-12-29 00:00:00+00:00,,1.0,-1.0,2.0,-2.0
2020-12-30 00:00:00+00:00,,1.0,-1.0,2.0,-2.0
2020-12-31 00:00:00+00:00,,1.0,-1.0,2.0,-2.0
2021-01-01 00:00:00+00:00,,1.0,-1.0,2.0,-2.0
2021-01-04 00:00:00+00:00,,1.0,-1.0,2.0,-2.0
2021-01-05 00:00:00+00:00,,1.0,-1.0,2.0,-2.0
2021-01-06 00:00:00+00:00,,1.0,-1.0,2.0,-2.0
2021-01-07 00:00:00+00:00,,1.0,-1.0,2.0,-2.0
2021-01-08 00:00:00+00:00,,1.0,-1.0,2.0,-2.0
2021-01-11 00:00:00+00:00,,1.0,-1.0,2.0,-2.0
2021-01-12 00:00:00+00:00,,1.0,-1.0,2.0,-2.0
2021-01-13 00:00:00+00:00,,1.0,-1.0,2.0,-2.0
2021-01-14 00:00:00+00:00,,1.0,-1.0,2.0,-2.0
2021-01-15 00:00:00+00:00,,1.0,-1.0,2.0,-2.0
2021-01-19 00:00:00+00:00,,1.0,-1.0,2.0,-2.0
2021-01-20 00:00:00+00:00,,1.0,-1.0,2.0,-2.0
2021-01-21 00:00:00+00:00,,1.0,-1.0,2.0,-2.0
2021-01-22 00:00:00+00:00,,1.0,-1.0,2.0,-2.0
2021-01-25 00:00:00+00:00,,1.0,-1.0,2.0,-2.0
2021-01-26 00:00:00+00:00,,1.0,-1.0,2.0,-2.0
2021-01-27 00:00:00+00:00,,1.0,-1.0,2.0,-2.0
2021-01-28 00:00:00+00:00,,1.0,-1.0,2.0,-2.0
2021-01-29 00:00:00+00:00,,1.0,-1.0,2.0,-2.0
2021-02-01 00:00:00+00:00,,1.0,-1.0,2.0,-2.0
2021-02-02 00:00:00+00:00,,1.0,-1.0,2.0,-2.0
2021-02-03 00:00:00+00:00,,1.0,-1.0,2.0,-2.0
2021-02-04 00:00:00+00:00,,1.0,-1.0,2.0,-2.0
2021-02-05 00:00:00+00:00,,1.0,-1.0,2.0,-2.0
2021-02-08 00:00:00+00:00,,1.0,-1.0,2.0,-2.0
2021-02-09 00:00:00+00:00,,1.0,-1.0,2.0,-2.0
2021-02-10 00:00:00+00:00,,1.0,-1.0,2.0,-2.0
2021-02-11 00:00:00+00:00,,1.0,-1.0,2.0,-2.0
2021-02-12 00:00:00+00:00,,1.0,-1.0,2.0,-2.0
2021-02-14 00:00:00+00:00,,1.0,-1.0,2.0,-2.0
2021-02-15 00:00:00+00:00,,1.0,-1.0,2.0,-2.0
2021-02-16 00:00:00+00:00,,1.0,-1.0,2.0,-2.0
2021-02-17 00:00:00+00:00,,1.0,-1.0,2.0,-2.0
2021-02-18 00:00:00+00:00,,1.0,-1.0,2.0,-2.0
2021-02-19 00:00:00+00:00,,1.0,-1.0,2.0,-2.0
2021-02-22 00:00:00+00:00,,1.0,-1.0,2.0,-2.0
2021-02-23 00:00:00+00:00,,1.0,-1.0,2.0,-2.0
2021-02-24 00:00:00+00:00,,1.0,-1.0,2.0,-2.0
2021-02-25 00:00:00+00:00,,1.0,-1.0,2.0,-2.0
2021-02-26 00:00:00+00:00,,1.0,-1.0,2.0,-2.0
2021-03-01 00:00:00+00:00,,1.0,-1.0,2.0,-2.0
2021-03-02 00:00:00+00:00,,1.0,-1.0,2.0,-2.0
2021-03-03 00:00:00+00:00,,1.0,-1.0,2.0,-2.0
2021-03-04 00:00:00+00:00,,1.0,-1.0,2.0,-2.0
2021-03-05 00:00:00+00:00,,1.0,-1.0,2.0,-2.0
2021-03-08 00:00:00+00:00,,1.0,-1.0,2.0,-2.0
2021-03-09 00:00:00+00:00,,1.0,-1.0,2.0,-2.0
2021-03-10 00:00:00+00:00,,1.0,-1.0,2.0,-2.0
2021-03-11 00:00:00+00:00,,1.0,-1.0,2.0,-2.0
2021-03-12 00:00:00+00:00,,1.0,-1.0,2.0,-2.0
2021-03-15 00:00:00+00:00,,1.0,-1.0,2.0,-2.0
2021-03-16 00:00:00+00:00,,1.0,-1.0,2.0,-2.0
2021-03-17 00:00:00+00:00,,1.0,-1.0,2.0,-2.0
2021-03-18 00:00:00+00:00,,1.0,-1.0,2.0,-2.0
2021-03-19 00:00:00+00:00,,1.0,-1.0,2.0,-2.0
2021-03-22 00:00:00+00:00,,1.0,-1.0,2.0,-2.0
2021-03-23 00:00:00+00:00,,1.0,-1.0,2.0,-2.0
2021-03-24 00:00:00+00:00,,1.0,-1.0,2.0,-2.0
2021-03-25 00:00:00+00:00,,1.0,-1.0,2.0,-2.0
2021-03-26 00:00:00+00:00,,1.0,-1.0,2.0,-2.0
2021-03-29 00:00:00+00:00,,1.0,-1.0,2.0,-2.0
2021-03-30 00:00:00+00:00,,1.0,-1.0,2.0,-2.0
2021-03-31 00:00:00+00:00,,1.0,-1.0,2.0,-2.0
2021-04-01 00:00:00+00:00,,1.0,-1.0,2.0,-2.0
2021-04-05 00:00:00+00:00,,1.0,-1.0,2.0,-2.0
2021-04-06 00:00:00+00:00,,1.0,-1.0,2.0,-2.0
2021-04-07 00:00:00+00:00,,1.0,-1.0,2.0,-2.0
2021-04-08 00:00:00+00:00,,1.0,-1.0,2.0,-2.0
2021-04-09 00:00:00+00:00,,1.0,-1.0,2.0,-2.0
2021-04-12 00:00:00+00:00,,1.0,-1.0,2.0,-2.0
2021-04-13 00:00:00+00:00,,1.0,-1.0,2.0,-2.0
2021-04-14 00:00:00+00:00,,1.0,-1.0,2.0,-2.0
2021-04-15 00:00:00+00:00,,1.0,-1.0,2.0,-2.0
2021-04-16 00:00:00+00:00,,1.0,-1.0,2.0,-2.0
2021-04-19 00:00:00+00:00,,1.0,-1.0,2.0,-2.0
2021-04-20 00:00:00+00:00,,1.0,-1.0,2.0,-2.0
2021-04-21 00:00:00+00:00,,1.0,-1.0,2.0,-2.0
2021-04-22 00:00:00+00:00,,1.0,-1.0,2.0,-2.0
2021-04-23 00:00:00+00:00,,1.0,-1.0,2.0,-2.0
2021-04-26 00:00:00+00:00,,1.0,-1.0,2.0,-2.0
2021-04-27 00:00:00+00:00,,1.0,-1.0,2.0,-2.0
2021-04-28 00:00:00+00:00,,1.0,-1.0,2.0,-2.0
2021-04-29 00:00:00+00:00,,1.0,-1.0,2.0,-2.0
2021-04-30 00:00:00+00:00,,1.0,-1.0,2.0,-2.0
2021-05-03 00:00:00+00:00,,1.0,-1.0,2.0,-2.0
2021-05-04 00:00:00+00:00,,1.0,-1.0,2.0,-2.0
2021-05-05 00:00:00+00:00,,1.0,-1.0,2.0,-2.0
2021-05-06 00:00:00+00:00,,1.0,-1.0,2.0,-2.0
2021-05-07 00:00:00+00:00,,1.0,-1.0,2.0,-2.0
2021-05-10 00:00:00+00:00,,1.0,-1.0,2.0,-2.0
2021-05-11 00:00:00+00:00,,1.0,-1.0,2.0,-2.0
2021-05-12 00:00:00+00:00,,1.0,-1.0,2.0,-2.0
2021-05-13 00:00:00+00:00,,1.0,-1.0,2.0,-2.0
2021-05-14 00:00:00+00:00,,1.0,-1.0,2.0,-2.0
2021-05-17 00:00:00+00:00,,1.0,-1.0,2.0,-2.0
2021-05-18 00:00:00+00:00,,1.0,-1.0,2.0,-2.0
2021-05-19 00:00:00+00:00,,1.0,-1.0,2.0,-2.0
2021-05-20 00:00:00+00:00,,1.0,-1.0,2.0,-2.0
2021-05-21 00:00:00+00:00,,1.0,-1.0,2.0,-2.0
2021-05-24 00:00:00+00:00,,1.0,-1.0,2.0,-2.0
2021-05-25 00:00:00+00:00,,1.0,-1.0,2.0,-2.0
2021-05-26 00:00:00+00:00,,1.0,-1.0,2.0,-2.0
2021-05-27 00:00:00+00:00,,1.0,-1.0,2.0,-2.0
2021-05-28 00:00:00+00:00,,1.0,-1.0,2.0,-2.0
2021-05-31 00:00:00+00:00,,1.0,-1.0,2.0,-2.0
2021-06-01 00:00:00+00:00,,1.0,-1.0,2.0,-2.0
2021-06-02 00:00:00+00:00,,1.0,-1.0,2.0,-2.0
2021-06-03 00:00:00+00:00,,1.0,-1.0,2.0,-2.0
2021-06-04 00:00:00+00:00,,1.0,-1.0,2.0,-2.0
2021-06-07 00:00:00+00:00,,1.0,-1.0,2.0,-2.0
2021-06-08 00:00:00+00:00,,1.0,-1.0,2.0,-2.0
2021-06-09 00:00:00+00:00,,1.0,-1.0,2.0,-2.0
2021-06-10 00:00:00+00:00,,1.0,-1.0,2.0,-2.0
2021-06-11 00:00:00+00:00,,1.0,-1.0,2.0,-2.0
2021-06-14 00:00:00+00:00,,1.0,-1.0,2.0,-2.0
2021-06-15 00:00:00+00:00,,1.0,-1.0,2.0,-2.0
2021-06-16 00:00:00+00:00,,1.0,-1.0,2.0,-2.0
2021-06-17 00:00:00+00:00,,1.0,-1.0,2.0,-2.0
2021-06-18 00:00:00+00:00,,1.0,-1.0,2.0,-2.0
2021-06-21 00:00:00+00:00,,1.0,-1.0,2.0,-2.0
2021-06-22 00:00:00+00:00,,1.0,-1.0,2.0,-2.0
2021-06-23 00:00:00+00:00,,1.0,-1.0,2.0,-2.0
2021-06-24 00:00:00+00:00,,1.0,-1.0,2.0,-2.0
2021-06-25 00:00:00+00:00,,1.0,-1.0,2.0,-2.0
2021-06-28 00:00:00+00:00,,1.0,-1.0,2.0,-2.0
2021-06-29 00:00:00+00:00,,1.0,-1.0,2.0,-2.0
2021-06-30 00:00:00+00:00,,1.0,-1.0,2.0,-2.0
2021-07-01 00:00:00+00:00,,1.0,-1.0,2.0,-2.0
2021-07-02 00:00:00+00:00,,1.0,-1.0,2.0,-2.0
2021-07-06 00:00:00+00:00,,1.0,-1.0,2.0,-2.0
2021-07-07 00:00:00+00:00,,1.0,-1.0,2.0,-2.0
2021-07-08 00:00:00+00:00,,1.0,-1.0,2.0,-2.0
2021-07-09 00:00:00+00:00,,1.0,-1.0,2.0,-2.0
2021-07-12 00:00:00+00:00,,1.0,-1.0,2.0,-2.0
2021-07-13 00:00:00+00:00,,1.0,-1.0,2.0,-2.0
2021-07-14 00:00:00+00:00,,1.0,-1.0,2.0,-2.0
2021-07-15 00:00:00+00:00,,1.0,-1.0,2.0,-2.0
2021-07-16 00:00:00+00:00,,1.0,-1.0,2.0,-2.0
2021-07-19 00:00:00+00:00,,1.0,-1.0,2.0,-2.0
2021-07-20 00:00:00+00:00,,1.0,-1.0,2.0,-2.0
2021-07-21 00:00:00+00:00,,1.0,-1.0,2.0,-2.0
2021-07-22 00:00:00+00:00,,1.0,-1.0,2.0,-2.0
2021-07-23 00:00:00+00:00,,1.0,-1.0,2.0,-2.0
2021-07-26 00:00:00+00:00,,1.0,-1.0,2.0,-2.0
2021-07-27 00:00:00+00:00,,1.0,-1.0,2.0,-2.0
2021-07-28 00:00:00+00:00,,1.0,-1.0,2.0,-2.0
2021-07-29 00:00:00+00:00,,1.0,-1.0,2.0,-2.0
2021-07-30 00:00:00+00:00,,1.0,-1.0,2.0,-2.0
2021-08-02 00:00:00+00:00,,1.0,-1.0,2.0,-2.0
2021-08-03 00:00:00+00:00,,1.0,-1.0,2.0,-2.0
2021-08-04 00:00:00+00:00,,1.0,-1.0,2.0,-2.0
2021-08-05 00:00:00+00:00,,1.0,-1.0,2.0,-2.0
2021-08-06 00:00:00+00:00,,1.0,-1.0,2.0,-2.0
2021-08-09 00:00:00+00:00,,1.0,-1.0,2.0,-2.0
2021-08-10 00:00:00+00:00,,1.0,-1.0,2.0,-2.0
2021-08-11 00:00:00+00:00,,1.0,-1.0,2.0,-2.0
2021-08-12 00:00:00+00:00,,1.0,-1.0,2.0,-2.0
2021-08-13 00:00:00+00:00,,1.0,-1.0,2.0,-2.0
2021-08-16 00:00:00+00:00,,1.0,-1.0,2.0,-2.0
2021-08-17 00:00:00+00:00,,1.0,-1.0,2.0,-2.0
2021-08-18 00:00:00+00:00,,1.0,-1.0,2.0,-2.0
2021-08-19 00:00:00+00:00,,1.0,-1.0,2.0,-2.0
2021-08-20 00:00:00+00:00,,1.0,-1.0,2.0,-2.0
2021-08-23 00:00:00+00:00,,1.0,-1.0,2.0,-2.0
2021-08-24 00:00:00+00:00,,1.0,-1.0,2.0,-2.0
2021-08-25 00:00:00+00:00,,1.0,-1.0,2.0,-2.0
2021-08-26 00:00:00+00:00,,1.0,-1.0,2.0,-2.0
2021-08-27 00:00:00+00:00,,1.0,-1.0,2.0,-2.0
2021-08-30 00:00:00+00:00,,1.0,-1.0,2.0,-2.0
2021-08-31 00:00:00+00:00,,1.0,-1.0,2.0,-2.0
2021-09-01 00:00:00+00:00,,1.0,-1.0,2.0,-2.0
2021-09-02 00:00:00+00:00,,1.0,-1.0,2.0,-2.0
2021-09-03 00:00:00+00:00,,1.0,-1.0,2.0,-2.0
2021-09-06 00:00:00+00:00,,1.0,-1.0,2.0,-2.0
2021-09-07 00:00:00+00:00,,1.0,-1.0,2.0,-2.0
2021-09-08 00:00:00+00:00,,1.0,-1.0,2.0,-2.0
2021-09-09 00:00:00+00:00,,1.0,-1.0,2.0,-2.0
2021-09-10 00:00:00+00:00,,1.0,-1.0,2.0,-2.0
2021-09-13 00:00:00+00:00,,1.0,-1.0,2.0,-2.0
2021-09-14 00:00:00+00:00,,1.0,-1.0,2.0,-2.0
2021-09-15 00:00:00+00:00,,1.0,-1.0,2.0,-2.0
2021-09-16 00:00:00+00:00,,1.0,-1.0,2.0,-2.0
2021-09-17 00:00:00+00:00,,1.0,-1.0,2.0,-2.0
2021-09-20 00:00:00+00:00,,1.0,-1.0,2.0,-2.0
2021-09-21 00:00:00+00:00,,1.0,-1.0,2.0,-2.0
2021-09-22 00:00:00+00:00,,1.0,-1.0,2.0,-2.0
2021-09-23 00:00:00+00:00,,1.0,-1.0,2.0,-2.0
2021-09-24 00:00:00+00:00,,1.0,-1.0,2.0,-2.0
2021-09-27 00:00:00+00:00,,1.0,-1.0,2.0,-2.0
2021-09-28 00:00:00+00:00,,1.0,-1.0,2.0,-2.0
2021-09-29 00:00:00+00:00,,1.0,-1.0,2.0,-2.0
2021-09-30 00:00:00+00:00,,1.0,-1.0,2.0,-2.0
2021-10-01 00:00:00+00:00,,1.0,-1.0,2.0,-2.0
2021-10-04 00:00:00+00:00,,1.0,-1.0,2.0,-2.0
2021-10-05 00:00:00+00:00,,1.0,-1.0,2.0,-2.0
2021-10-06 00:00:00+00:00,,1.0,-1.0,2.0,-2.0
2021-10-07 00:00:00+00:00,,1.0,-1.0,2.0,-2.0
2021-10-08 00:00:00+00:00,,1.0,-1.0,2.0,-2.0
2021-10-11 00:00:00+00:00,,1.0,-1.0,2.0,-2.0
2021-10-12 00:00:00+00:00,,1.0,-1.0,2.0,-2.0
2021-10-13 00:00:00+00:00,,1.0,-1.0,2.0,-2.0
2021-10-14 00:00:00+00:00,,1.0,-1.0,2.0,-2.0
2021-10-15 00:00:00+00:00,,1.0,-1.0,2.0,-2.0
2021-10-18 00:00:00+00:00,,1.0,-1.0,2.0,-2.0
2021-10-19 00:00:00+00:00,,1.0,-1.0,2.0,-2.0
2021-10-20 00:00:00+00:00,,1.0,-1.0,2.0,-2.0
2021-10-21 00:00:00+00:00,,1.0,-1.0,2.0,-2.0
2021-10-22 00:00:00+00:00,,1.0,-1.0,2.0,-2.0
2021-10-25 00:00:00+00:00,,1.0,-1.0,2.0,-2.0
2021-10-26 00:00:00+00:00,,1.0,-1.0,2.0,-2.0
2021-10-27 00:00:00+00:00,,1.0,-1.0,2.0,-2.0
2021-10-28 00:00:00+00:00,,1.0,-1.0,2.0,-2.0
2021-10-29 00:00:00+00:00,,1.0,-1.0,2.0,-2.0
2021-11-01 00:00:00+00:00,,1.0,-1.0,2.0,-2.0
2021-11-02 00:00:00+00:00,,1.0,-1.0,2.0,-2.0
2021-11-03 00:00:00+00:00,,1.0,-1.0,2.0,-2.0
2021-11-04 00:00:00+00:00,,1.0,-1.0,2.0,-2.0
2021-11-05 00:00:00+00:00,,1.0,-1.0,2.0,-2.0
2021-11-08 00:00:00+00:00,,1.0,-1.0,2.0,-2.0
2021-11-09 00:00:00+00:00,,1.0,-1.0,2.0,-2.0
2021-11-10 00:00:00+00:00,,1.0,-1.0,2.0,-2.0
2021-11-11 00:00:00+00:00,,1.0,-1.0,2.0,-2.0
2021-11-12 00:00:00+00:00,,1.0,-1.0,2.0,-2.0
2021-11-15 00:00:00+00:00,,1.0,-1.0,2.0,-2.0
2021-11-16 00:00:00+00:00,,1.0,-1.0,2.0,-2.0
2021-11-17 00:00:00+00:00,,1.0,-1.0,2.0,-2.0
2021-11-18 00:00:00+00:00,,1.0,-1.0,2.0,-2.0
2021-11-19 00:00:00+00:00,,1.0,-1.0,2.0,-2.0
2021-11-22 00:00:00+00:00,,1.0,-1.0,2.0,-2.0
2021-11-23 00:00:00+00:00,,1.0,-1.0,2.0,-2.0
2021-11-24 00:00:00+00:00,,1.0,-1.0,2.0,-2.0
2021-11-26 00:00:00+00:00,,1.0,-1.0,2.0,-2.0
2021-11-29 00:00:00+00:00,,1.0,-1.0,2.0,-2.0
2021-11-30 00:00:00+00:00,,1.0,-1.0,2.0,-2.0
2021-12-01 00:00:00+00:00,,1.0,-1.0,2.0,-2.0
2021-12-02 00:00:00+00:00,,1.0,-1.0,2.0,-2.0
2021-12-03 00:00:00+00:00,,1.0,-1.0,2.0,-2.0
2021-12-06 00:00:00+00:00,,1.0,-1.0,2.0,-2.0
2021-12-07 00:00:00+00:00,,1.0,-1.0,2.0,-2.0
2021-12-08 00:00:00+00:00,,1.0,-1.0,2.0,-2.0
2021-12-09 00:00:00+00:00,,1.0,-1.0,2.0,-2.0
2021-12-10 00:00:00+00:00,,1.0,-1.0,2.0,-2.0
2021-12-13 00:00:00+00:00,,1.0,-1.0,2.0,-2.0
2021-12-14 00:00:00+00:00,,1.0,-1.0,2.0,-2.0
2021-12-15 00:00:00+00:00,,1.0,-1.0,2.0,-2.0
2021-12-16 00:00:00+00:00,,1.0,-1.0,2.0,-2.0
2021-12-17 00:00:00+00:00,,1.0,-1.0,2.0,-2.0
2021-12-20 00:00:00+00:00,,1.0,-1.0,2.0,-2.0
2021-12-21 00:00:00+00:00,,1.0,-1.0,2.0,-2.0
2021-12-22 00:00:00+00:00,,1.0,-1.0,2.0,-2.0
2021-12-23 00:00:00+00:00,,1.0,-1.0,2.0,-2.0
2021-12-24 00:00:00+00:00,,1.0,-1.0,2.0,-2.0
2021-12-27 00:00:00+00:00,-0.4083511792448512,1.0,-1.0,2.0,-2.0
2021-12-28 00:00:00+00:00,-0.4238974399297939,1.0,-1.0,2.0,-2.0
2021-12-29 00:00:00+00:00,-0.47587396526178494,1.0,-1.0,2.0,-2.0
2021-12-30 00:00:00+00:00,-0.46213569622972583,1.0,-1.0,2.0,-2.0
2021-12-31 00:00:00+00:00,-0.2543747923930216,1.0,-1.0,2.0,-2.0
2022-01-03 00:00:00+00:00,1.9192521963622038,1.0,-1.0,2.0,-2.0
2022-01-04 00:00:00+00:00,1.2497456162358536,1.0,-1.0,2.0,-2.0
2022-01-05 00:00:00+00:00,2.3248227175247735,1.0,-1.0,2.0,-2.0
2022-01-06 00:00:00+00:00,2.7048698108765032,1.0,-1.0,2.0,-2.0
2022-01-07 00:00:00+00:00,0.2945134193145666,1.0,-1.0,2.0,-2.0
2022-01-10 00:00:00+00:00,-0.6679933678130644,1.0,-1.0,2.0,-2.0
2022-01-11 00:00:00+00:00,0.7618216657611034,1.0,-1.0,2.0,-2.0
2022-01-12 00:00:00+00:00,-1.5609468736965826,1.0,-1.0,2.0,-2.0
2022-01-13 00:00:00+00:00,-2.5298221281347137,1.0,-1.0,2.0,-2.0
2022-01-14 00:00:00+00:00,-1.79371693293867,1.0,-1.0,2.0,-2.0
2022-01-18 00:00:00+00:00,-3.077088329140786,1.0,-1.0,2.0,-2.0
2022-01-19 00:00:00+00:00,-1.5355188113052527,1.0,-1.0,2.0,-2.0
2022-01-20 00:00:00+00:00,0.44407624453805383,1.0,-1.0,2.0,-2.0
2022-01-21 00:00:00+00:00,-0.020200406874450207,1.0,-1.0,2.0,-2.0
2022-01-24 00:00:00+00:00,0.16807358477408588,1.0,-1.0,2.0,-2.0
2022-01-25 00:00:00+00:00,0.6068249147566406,1.0,-1.0,2.0,-2.0
2022-01-26 00:00:00+00:00,0.6812611523746555,1.0,-1.0,2.0,-2.0
2022-01-27 00:00:00+00:00,0.2099644119447931,1.0,-1.0,2.0,-2.0
2022-01-28 00:00:00+00:00,0.6377045376736671,1.0,-1.0,2.0,-2.0
2022-01-31 00:00:00+00:00,1.271894058257648,1.0,-1.0,2.0,-2.0
2022-02-01 00:00:00+00:00,0.9708484999914491,1.0,-1.0,2.0,-2.0
2022-02-02 00:00:00+00:00,0.19441652583111813,1.0,-1.0,2.0,-2.0
2022-02-03 00:00:00+00:00,-0.020312174340564586,1.0,-1.0,2.0,-2.0
2022-02-04 00:00:00+00:00,-0.020627209413012184,1.0,-1.0,2.0,-2.0
2022-02-07 00:00:00+00:00,0.06856426292668912,1.0,-1.0,2.0,-2.0
2022-02-08 00:00:00+00:00,-0.2576519219661677,1.0,-1.0,2.0,-2.0
2022-02-09 00:00:00+00:00,1.803229210989935,1.0,-1.0,2.0,-2.0
2022-02-10 00:00:00+00:00,1.3898868879402448,1.0,-1.0,2.0,-2.0
2022-02-11 00:00:00+00:00,-1.5764925113991703,1.0,-1.0,2.0,-2.0
2022-02-14 00:00:00+00:00,-1.0691155531233363,1.0,-1.0,2.0,-2.0
2022-02-15 00:00:00+00:00,-0.1223517635645953,1.0,-1.0,2.0,-2.0
2022-02-16 00:00:00+00:00,-0.5450214922422882,1.0,-1.0,2.0,-2.0
2022-02-17 00:00:00+00:00,-0.3781781782905673,1.0,-1.0,2.0,-2.0
2022-02-18 00:00:00+00:00,0.44298197109953585,1.0,-1.0,2.0,-2.0
2022-02-22 00:00:00+00:00,-0.6210480394479923,1.0,-1.0,2.0,-2.0
2022-02-23 00:00:00+00:00,-0.6116681543406406,1.0,-1.0,2.0,-2.0
2022-02-24 00:00:00+00:00,0.6097142055335281,1.0,-1.0,2.0,-2.0
2022-02-25 00:00:00+00:00,0.7051045351914768,1.0,-1.0,2.0,-2.0
2022-02-28 00:00:00+00:00,1.7540409286828127,1.0,-1.0,2.0,-2.0
2022-03-01 00:00:00+00:00,1.1500591468181272,1.0,-1.0,2.0,-2.0
2022-03-02 00:00:00+00:00,1.8933302969497003,1.0,-1.0,2.0,-2.0
2022-03-03 00:00:00+00:00,2.451686661965022,1.0,-1.0,2.0,-2.0
2022-03-04 00:00:00+00:00,2.9667037966982175,1.0,-1.0,2.0,-2.0
2022-03-07 00:00:00+00:00,1.8670635288294133,1.0,-1.0,2.0,-2.0
2022-03-08 00:00:00+00:00,-2.0327391346523416,1.0,-1.0,2.0,-2.0
2022-03-09 00:00:00+00:00,-2.5531453984886676,1.0,-1.0,2.0,-2.0
2022-03-10 00:00:00+00:00,-1.2704894913114426,1.0,-1.0,2.0,-2.0
2022-03-11 00:00:00+00:00,-0.07940559320696516,1.0,-1.0,2.0,-2.0
2022-03-14 00:00:00+00:00,0.3058691079758491,1.0,-1.0,2.0,-2.0
2022-03-15 00:00:00+00:00,0.49521598293994357,1.0,-1.0,2.0,-2.0
2022-03-16 00:00:00+00:00,-0.16132379214894776,1.0,-1.0,2.0,-2.0
2022-03-17 00:00:00+00:00,-0.3726616370532755,1.0,-1.0,2.0,-2.0
2022-03-18 00:00:00+00:00,-0.7428882633697044,1.0,-1.0,2.0,-2.0
2022-03-21 00:00:00+00:00,-0.3959888852042953,1.0,-1.0,2.0,-2.0
2022-03-22 00:00:00+00:00,0.06931837866562707,1.0,-1.0,2.0,-2.0
2022-03-23 00:00:00+00:00,-0.5220603974058106,1.0,-1.0,2.0,-2.0
2022-03-24 00:00:00+00:00,-0.45123055880973745,1.0,-1.0,2.0,-2.0
2022-03-25 00:00:00+00:00,0.07671694564750345,1.0,-1.0,2.0,-2.0
2022-03-28 00:00:00+00:00,0.9476676563633053,1.0,-1.0,2.0,-2.0
2022-03-29 00:00:00+00:00,0.31708263472194703,1.0,-1.0,2.0,-2.0
2022-03-30 00:00:00+00:00,-0.6102515264811563,1.0,-1.0,2.0,-2.0
2022-03-31 00:00:00+00:00,-0.056579760585806556,1.0,-1.0,2.0,-2.0
2022-04-01 00:00:00+00:00,0.20022682795809554,1.0,-1.0,2.0,-2.0
2022-04-04 00:00:00+00:00,0.22312582307314713,1.0,-1.0,2.0,-2.0
2022-04-05 00:00:00+00:00,1.5701010767795698,1.0,-1.0,2.0,-2.0
2022-04-06 00:00:00+00:00,1.0052258969657846,1.0,-1.0,2.0,-2.0
2022-04-07 00:00:00+00:00,0.984135073659945,1.0,-1.0,2.0,-2.0
2022-04-08 00:00:00+00:00,0.6906998380460332,1.0,-1.0,2.0,-2.0
2022-04-11 00:00:00+00:00,-1.1549351861419042,1.0,-1.0,2.0,-2.0
2022-04-12 00:00:00+00:00,-0.07660610816519346,1.0,-1.0,2.0,-2.0
2022-04-13 00:00:00+00:00,0.6584110833204272,1.0,-1.0,2.0,-2.0
2022-04-14 00:00:00+00:00,0.5662237750118394,1.0,-1.0,2.0,-2.0
2022-04-15 00:00:00+00:00,0.48227125764769074,1.0,-1.0,2.0,-2.0
2022-04-18 00:00:00+00:00,0.5752548407189284,1.0,-1.0,2.0,-2.0
2022-04-19 00:00:00+00:00,0.5144805632830308,1.0,-1.0,2.0,-2.0
2022-04-20 00:00:00+00:00,0.41527712412359313,1.0,-1.0,2.0,-2.0
2022-04-21 00:00:00+00:00,1.7577414976081764,1.0,-1.0,2.0,-2.0
2022-04-22 00:00:00+00:00,1.4806396587003674,1.0,-1.0,2.0,-2.0
2022-04-25 00:00:00+00:00,-0.029852171318008953,1.0,-1.0,2.0,-2.0
2022-04-26 00:00:00+00:00,0.7326475480551381,1.0,-1.0,2.0,-2.0
2022-04-27 00:00:00+00:00,0.6805618838861237,1.0,-1.0,2.0,-2.0
2022-04-28 00:00:00+00:00,-0.7169181083977244,1.0,-1.0,2.0,-2.0
2022-04-29 00:00:00+00:00,0.009688082545915194,1.0,-1.0,2.0,-2.0
2022-05-02 00:00:00+00:00,-0.23715250832453003,1.0,-1.0,2.0,-2.0
2022-05-03 00:00:00+00:00,-1.4333427868850857,1.0,-1.0,2.0,-2.0
2022-05-04 00:00:00+00:00,-1.2750711555097396,1.0,-1.0,2.0,-2.0
2022-05-05 00:00:00+00:00,-1.1442836681822552,1.0,-1.0,2.0,-2.0
2022-05-06 00:00:00+00:00,-1.032795558988655,1.0,-1.0,2.0,-2.0
2022-05-09 00:00:00+00:00,-0.9354143466934942,1.0,-1.0,2.0,-2.0
2022-05-10 00:00:00+00:00,0.848651856625138,1.0,-1.0,2.0,-2.0
2022-05-11 00:00:00+00:00,0.27805567753224264,1.0,-1.0,2.0,-2.0
2022-05-12 00:00:00+00:00,-0.8936738453843343,1.0,-1.0,2.0,-2.0
2022-05-13 00:00:00+00:00,-0.16400370183962262,1.0,-1.0,2.0,-2.0
2022-05-16 00:00:00+00:00,-0.36049661011884326,1.0,-1.0,2.0,-2.0
2022-05-17 00:00:00+00:00,-0.25542148136586224,1.0,-1.0,2.0,-2.0
2022-05-18 00:00:00+00:00,0.7600331767755002,1.0,-1.0,2.0,-2.0
2022-05-19 00:00:00+00:00,2.052496468204285,1.0,-1.0,2.0,-2.0
2022-05-20 00:00:00+00:00,2.8128090933972754,1.0,-1.0,2.0,-2.0
2022-05-23 00:00:00+00:00,1.9504863561536612,1.0,-1.0,2.0,-2.0
2022-05-24 00:00:00+00:00,1.6186594523216093,1.0,-1.0,2.0,-2.0
2022-05-25 00:00:00+00:00,-0.5057363253408175,1.0,-1.0,2.0,-2.0
2022-05-26 00:00:00+00:00,-1.1315047637120412,1.0,-1.0,2.0,-2.0
2022-05-27 00:00:00+00:00,0.3569559075137834,1.0,-1.0,2.0,-2.0
2022-05-30 00:00:00+00:00,-0.36895641506822363,1.0,-1.0,2.0,-2.0
2022-05-31 00:00:00+00:00,0.9390144152138683,1.0,-1.0,2.0,-2.0
2022-06-01 00:00:00+00:00,-0.9738639824377257,1.0,-1.0,2.0,-2.0
2022-06-02 00:00:00+00:00,-2.894592447173589,1.0,-1.0,2.0,-2.0
2022-06-03 00:00:00+00:00,-1.215924857361281,1.0,-1.0,2.0,-2.0
2022-06-06 00:00:00+00:00,-0.4025191351001127,1.0,-1.0,2.0,-2.0
2022-06-07 00:00:00+00:00,-0.5913822491787576,1.0,-1.0,2.0,-2.0
2022-06-08 00:00:00+00:00,-0.05964149781438045,1.0,-1.0,2.0,-2.0
2022-06-09 00:00:00+00:00,-0.43900064716260956,1.0,-1.0,2.0,-2.0
2022-06-10 00:00:00+00:00,-0.6357994340748928,1.0,-1.0,2.0,-2.0
2022-06-13 00:00:00+00:00,-0.13836284357065406,1.0,-1.0,2.0,-2.0
2022-06-14 00:00:00+00:00,0.07157980324013137,1.0,-1.0,2.0,-2.0
2022-06-15 00:00:00+00:00,0.0983795425551641,1.0,-1.0,2.0,-2.0
2022-06-16 00:00:00+00:00,2.576317780793496,1.0,-1.0,2.0,-2.0
2022-06-17 00:00:00+00:00,2.9308817994226,1.0,-1.0,2.0,-2.0
2022-06-21 00:00:00+00:00,1.4374883746186717,1.0,-1.0,2.0,-2.0
2022-06-22 00:00:00+00:00,-0.5681940288805539,1.0,-1.0,2.0,-2.0
2022-06-23 00:00:00+00:00,-0.5239133721215075,1.0,-1.0,2.0,-2.0
2022-06-24 00:00:00+00:00,0.4334052792184492,1.0,-1.0,2.0,-2.0
2022-06-27 00:00:00+00:00,-0.1323919425495475,1.0,-1.0,2.0,-2.0
2022-06-28 00:00:00+00:00,-0.41932249717311504,1.0,-1.0,2.0,-2.0
2022-06-29 00:00:00+00:00,-0.05207402761769452,1.0,-1.0,2.0,-2.0
2022-06-30 00:00:00+00:00,-0.3778237499937545,1.0,-1.0,2.0,-2.0
2022-07-01 00:00:00+00:00,-0.37525171776272803,1.0,-1.0,2.0,-2.0
2022-07-05 00:00:00+00:00,0.024001307946754348,1.0,-1.0,2.0,-2.0
2022-07-06 00:00:00+00:00,0.1604457038652199,1.0,-1.0,2.0,-2.0
2022-07-07 00:00:00+00:00,-0.15717997947718546,1.0,-1.0,2.0,-2.0
2022-07-08 00:00:00+00:00,-0.9143764207625206,1.0,-1.0,2.0,-2.0
2022-07-11 00:00:00+00:00,-0.856354988807954,1.0,-1.0,2.0,-2.0
2022-07-12 00:00:00+00:00,-0.1323769777114162,1.0,-1.0,2.0,-2.0
2022-07-13 00:00:00+00:00,1.0327123014766022,1.0,-1.0,2.0,-2.0
2022-07-14 00:00:00+00:00,1.3529218741883786,1.0,-1.0,2.0,-2.0
2022-07-15 00:00:00+00:00,-0.09064859630319083,1.0,-1.0,2.0,-2.0
2022-07-18 00:00:00+00:00,-1.1820803234216917,1.0,-1.0,2.0,-2.0
2022-07-19 00:00:00+00:00,-1.3233350094291982,1.0,-1.0,2.0,-2.0
2022-07-20 00:00:00+00:00,0.3407561306230356,1.0,-1.0,2.0,-2.0
2022-07-21 00:00:00+00:00,0.4495080872048554,1.0,-1.0,2.0,-2.0
2022-07-22 00:00:00+00:00,-1.5765268450628733,1.0,-1.0,2.0,-2.0
2022-07-25 00:00:00+00:00,-0.9909473258758439,1.0,-1.0,2.0,-2.0
2022-07-26 00:00:00+00:00,0.11078176626874317,1.0,-1.0,2.0,-2.0
2022-07-27 00:00:00+00:00,0.21119598369399686,1.0,-1.0,2.0,-2.0
2022-07-28 00:00:00+00:00,0.2645515513753722,1.0,-1.0,2.0,-2.0
2022-07-29 00:00:00+00:00,-2.60810760886498,1.0,-1.0,2.0,-2.0
2022-08-01 00:00:00+00:00,-1.9867351319494306,1.0,-1.0,2.0,-2.0
2022-08-02 00:00:00+00:00,0.7385077266065644,1.0,-1.0,2.0,-2.0
2022-08-03 00:00:00+00:00,1.2200166323147925,1.0,-1.0,2.0,-2.0
2022-08-04 00:00:00+00:00,-0.26035424859976586,1.0,-1.0,2.0,-2.0
2022-08-05 00:00:00+00:00,-0.6491899812493289,1.0,-1.0,2.0,-2.0
2022-08-08 00:00:00+00:00,1.479944298282468,1.0,-1.0,2.0,-2.0
2022-08-09 00:00:00+00:00,1.1291292419541175,1.0,-1.0,2.0,-2.0
2022-08-10 00:00:00+00:00,0.004007972342589858,1.0,-1.0,2.0,-2.0
2022-08-11 00:00:00+00:00,-0.012195996493668959,1.0,-1.0,2.0,-2.0
2022-08-12 00:00:00+00:00,-0.0536436071863069,1.0,-1.0,2.0,-2.0
2022-08-15 00:00:00+00:00,-0.01658946887805763,1.0,-1.0,2.0,-2.0
2022-08-16 00:00:00+00:00,1.06200746182238,1.0,-1.0,2.0,-2.0
2022-08-17 00:00:00+00:00,0.9712301704430486,1.0,-1.0,2.0,-2.0
2022-08-18 00:00:00+00:00,0.16507074043103198,1.0,-1.0,2.0,-2.0
2022-08-19 00:00:00+00:00,0.02531431757778738,1.0,-1.0,2.0,-2.0
2022-08-22 00:00:00+00:00,-0.18598186101089909,1.0,-1.0,2.0,-2.0
2022-08-23 00:00:00+00:00,-0.8252335595222616,1.0,-1.0,2.0,-2.0
2022-08-24 00:00:00+00:00,-1.0444776699221312,1.0,-1.0,2.0,-2.0
2022-08-25 00:00:00+00:00,-0.5304874064135614,1.0,-1.0,2.0,-2.0
2022-08-26 00:00:00+00:00,-0.8457818718318624,1.0,-1.0,2.0,-2.0
2022-08-29 00:00:00+00:00,-1.4970321038897607,1.0,-1.0,2.0,-2.0
2022-08-30 00:00:00+00:00,-0.7635451656635238,1.0,-1.0,2.0,-2.0
2022-08-31 00:00:00+00:00,0.05572807354462464,1.0,-1.0,2.0,-2.0
2022-09-01 00:00:00+00:00,1.1443229538982498,1.0,-1.0,2.0,-2.0
2022-09-02 00:00:00+00:00,2.294361356130488,1.0,-1.0,2.0,-2.0
2022-09-05 00:00:00+00:00,1.1868691469963009,1.0,-1.0,2.0,-2.0
2022-09-06 00:00:00+00:00,0.41463609746341684,1.0,-1.0,2.0,-2.0
2022-09-07 00:00:00+00:00,0.4061483530602677,1.0,-1.0,2.0,-2.0
2022-09-08 00:00:00+00:00,-0.22113208648350627,1.0,-1.0,2.0,-2.0
2022-09-09 00:00:00+00:00,-0.3727422493938159,1.0,-1.0,2.0,-2.0
2022-09-12 00:00:00+00:00,1.3495315678097586,1.0,-1.0,2.0,-2.0
2022-09-13 00:00:00+00:00,1.641829657522733,1.0,-1.0,2.0,-2.0
2022-09-14 00:00:00+00:00,0.09451080185178147,1.0,-1.0,2.0,-2.0
2022-09-15 00:00:00+00:00,-0.3081498192431345,1.0,-1.0,2.0,-2.0
2022-09-16 00:00:00+00:00,0.39177069240327866,1.0,-1.0,2.0,-2.0
2022-09-19 00:00:00+00:00,0.4626004838393885,1.0,-1.0,2.0,-2.0
2022-09-20 00:00:00+00:00,-0.9697248304967964,1.0,-1.0,2.0,-2.0
2022-09-21 00:00:00+00:00,-1.1623236341395096,1.0,-1.0,2.0,-2.0
2022-09-22 00:00:00+00:00,-0.9944552785483667,1.0,-1.0,2.0,-2.0
2022-09-23 00:00:00+00:00,-1.1985185214536462,1.0,-1.0,2.0,-2.0
2022-09-26 00:00:00+00:00,-0.7041263928091697,1.0,-1.0,2.0,-2.0
2022-09-27 00:00:00+00:00,-1.16815949765178,1.0,-1.0,2.0,-2.0
2022-09-28 00:00:00+00:00,-1.122359088028706,1.0,-1.0,2.0,-2.0
2022-09-29 00:00:00+00:00,0.3738629630459663,1.0,-1.0,2.0,-2.0
2022-09-30 00:00:00+00:00,0.8738903874119613,1.0,-1.0,2.0,-2.0
2022-10-03 00:00:00+00:00,-0.4681395391797127,1.0,-1.0,2.0,-2.0
2022-10-04 00:00:00+00:00,-1.0093332003181459,1.0,-1.0,2.0,-2.0
2022-10-05 00:00:00+00:00,-0.8242595957616214,1.0,-1.0,2.0,-2.0
2022-10-06 00:00:00+00:00,-0.8042744615576309,1.0,-1.0,2.0,-2.0
2022-10-07 00:00:00+00:00,0.25758722033284853,1.0,-1.0,2.0,-2.0
2022-10-10 00:00:00+00:00,0.5342197239683211,1.0,-1.0,2.0,-2.0
2022-10-11 00:00:00+00:00,0.5060637478915905,1.0,-1.0,2.0,-2.0
2022-10-12 00:00:00+00:00,1.3456061442207086,1.0,-1.0,2.0,-2.0
2022-10-13 00:00:00+00:00,2.2027274573641304,1.0,-1.0,2.0,-2.0
2022-10-14 00:00:00+00:00,1.9761001902434028,1.0,-1.0,2.0,-2.0
2022-10-17 00:00:00+00:00,1.4376958698207472,1.0,-1.0,2.0,-2.0
2022-10-18 00:00:00+00:00,1.0780262055090637,1.0,-1.0,2.0,-2.0
2022-10-19 00:00:00+00:00,-0.3058026039948045,1.0,-1.0,2.0,-2.0
2022-10-20 00:00:00+00:00,-1.3153160359512566,1.0,-1.0,2.0,-2.0
2022-10-21 00:00:00+00:00,-1.1004248134005297,1.0,-1.0,2.0,-2.0
2022-10-24 00:00:00+00:00,-1.303119045866144,1.0,-1.0,2.0,-2.0
2022-10-25 00:00:00+00:00,-1.2661366216449652,1.0,-1.0,2.0,-2.0
2022-10-26 00:00:00+00:00,-0.12414776391834731,1.0,-1.0,2.0,-2.0
2022-10-27 00:00:00+00:00,0.2701623531901033,1.0,-1.0,2.0,-2.0
2022-10-28 00:00:00+00:00,-0.8544879940416411,1.0,-1.0,2.0,-2.0
2022-10-31 00:00:00+00:00,-0.7893032297242771,1.0,-1.0,2.0,-2.0
2022-11-01 00:00:00+00:00,-0.3194506332282364,1.0,-1.0,2.0,-2.0
2022-11-02 00:00:00+00:00,-0.6829933124057846,1.0,-1.0,2.0,-2.0
2022-11-03 00:00:00+00:00,-0.18138412094658402,1.0,-1.0,2.0,-2.0
2022-11-04 00:00:00+00:00,0.7853927898905456,1.0,-1.0,2.0,-2.0
2022-11-07 00:00:00+00:00,0.77489883916635,1.0,-1.0,2.0,-2.0
2022-11-08 00:00:00+00:00,0.7747617681422732,1.0,-1.0,2.0,-2.0
2022-11-09 00:00:00+00:00,1.0657332900366587,1.0,-1.0,2.0,-2.0
2022-11-10 00:00:00+00:00,0.19276255963807906,1.0,-1.0,2.0,-2.0
2022-11-11 00:00:00+00:00,0.43678246222124745,1.0,-1.0,2.0,-2.0
2022-11-14 00:00:00+00:00,0.8483918521014011,1.0,-1.0,2.0,-2.0
2022-11-15 00:00:00+00:00,-0.0620067214499994,1.0,-1.0,2.0,-2.0
2022-11-16 00:00:00+00:00,-0.7875979404182792,1.0,-1.0,2.0,-2.0
2022-11-17 00:00:00+00:00,0.4466865315625653,1.0,-1.0,2.0,-2.0
2022-11-18 00:00:00+00:00,2.8980542064431805,1.0,-1.0,2.0,-2.0
2022-11-21 00:00:00+00:00,1.5240267438487096,1.0,-1.0,2.0,-2.0
2022-11-22 00:00:00+00:00,-0.4326716082533305,1.0,-1.0,2.0,-2.0
2022-11-23 00:00:00+00:00,-0.06827034946370845,1.0,-1.0,2.0,-2.0
2022-11-25 00:00:00+00:00,1.8123109153584063,1.0,-1.0,2.0,-2.0
2022-11-28 00:00:00+00:00,0.1375804949434461,1.0,-1.0,2.0,-2.0
2022-11-29 00:00:00+00:00,-1.9850852150247391,1.0,-1.0,2.0,-2.0
2022-11-30 00:00:00+00:00,0.5151532790868285,1.0,-1.0,2.0,-2.0
2022-12-01 00:00:00+00:00,0.5345477863806579,1.0,-1.0,2.0,-2.0
2022-12-02 00:00:00+00:00,-1.650913172340606,1.0,-1.0,2.0,-2.0
2022-12-05 00:00:00+00:00,0.8019611780219805,1.0,-1.0,2.0,-2.0
2022-12-06 00:00:00+00:00,0.682319717733179,1.0,-1.0,2.0,-2.0
2022-12-07 00:00:00+00:00,-1.6506659950973939,1.0,-1.0,2.0,-2.0
2022-12-08 00:00:00+00:00,-0.08320466369980295,1.0,-1.0,2.0,-2.0
2022-12-09 00:00:00+00:00,0.27627883290309607,1.0,-1.0,2.0,-2.0
2022-12-12 00:00:00+00:00,-1.424146120298135,1.0,-1.0,2.0,-2.0
2022-12-13 00:00:00+00:00,-1.0932578513571292,1.0,-1.0,2.0,-2.0
2022-12-14 00:00:00+00:00,-0.9622135280137633,1.0,-1.0,2.0,-2.0
2022-12-15 00:00:00+00:00,-2.7816444174332013,1.0,-1.0,2.0,-2.0
2022-12-16 00:00:00+00:00,-1.4443706708199582,1.0,-1.0,2.0,-2.0
2022-12-19 00:00:00+00:00,-0.6965524115429039,1.0,-1.0,2.0,-2.0
2022-12-20 00:00:00+00:00,-1.1041324550531326,1.0,-1.0,2.0,-2.0
2022-12-21 00:00:00+00:00,-1.0352501080952572,1.0,-1.0,2.0,-2.0
2022-12-22 00:00:00+00:00,0.3256049270605268,1.0,-1.0,2.0,-2.0
2022-12-23 00:00:00+00:00,0.3051118802414132,1.0,-1.0,2.0,-2.0
2022-12-27 00:00:00+00:00,2.8930099851788014,1.0,-1.0,2.0,-2.0
2022-12-28 00:00:00+00:00,2.8775310864415236,1.0,-1.0,2.0,-2.0
2022-12-29 00:00:00+00:00,2.2265539293788374,1.0,-1.0,2.0,-2.0
2022-12-30 00:00:00+00:00,2.0144731603063986,1.0,-1.0,2.0,-2.0
2023-01-03 00:00:00+00:00,1.822248176894663,1.0,-1.0,2.0,-2.0
2023-01-04 00:00:00+00:00,1.648020337979276,1.0,-1.0,2.0,-2.0
2023-01-05 00:00:00+00:00,1.3146199985924985,1.0,-1.0,2.0,-2.0
2023-01-06 00:00:00+00:00,0.8788262594318208,1.0,-1.0,2.0,-2.0
2023-01-09 00:00:00+00:00,-0.35582399814925186,1.0,-1.0,2.0,-2.0
2023-01-10 00:00:00+00:00,-0.716449839339144,1.0,-1.0,2.0,-2.0
2023-01-11 00:00:00+00:00,-0.6363884670984509,1.0,-1.0,2.0,-2.0
2023-01-12 00:00:00+00:00,-0.9687209799984278,1.0,-1.0,2.0,-2.0
2023-01-13 00:00:00+00:00,-0.9416086337830728,1.0,-1.0,2.0,-2.0
2023-01-17 00:00:00+00:00,-0.76429965308758,1.0,-1.0,2.0,-2.0
2023-01-18 00:00:00+00:00,-0.9481415201931551,1.0,-1.0,2.0,-2.0
2023-01-19 00:00:00+00:00,-0.6675981380791065,1.0,-1.0,2.0,-2.0
2023-01-20 00:00:00+00:00,-0.635399454247504,1.0,-1.0,2.0,-2.0
2023-01-23 00:00:00+00:00,-0.6018028274151228,1.0,-1.0,2.0,-2.0
2023-01-24 00:00:00+00:00,-0.4068187397854917,1.0,-1.0,2.0,-2.0
2023-01-25 00:00:00+00:00,-0.43156439496360377,1.0,-1.0,2.0,-2.0
2023-01-26 00:00:00+00:00,-0.4557951331961442,1.0,-1.0,2.0,-2.0
2023-01-27 00:00:00+00:00,-0.4175073850309802,1.0,-1.0,2.0,-2.0
2023-01-30 00:00:00+00:00,-0.27728009556275823,1.0,-1.0,2.0,-2.0
2023-01-31 00:00:00+00:00,-0.5885757652396408,1.0,-1.0,2.0,-2.0
2023-02-01 00:00:00+00:00,-0.4559328470927696,1.0,-1.0,2.0,-2.0
2023-02-02 00:00:00+00:00,-0.2643426049767291,1.0,-1.0,2.0,-2.0
2023-02-03 00:00:00+00:00,-0.5709284453728121,1.0,-1.0,2.0,-2.0
2023-02-06 00:00:00+00:00,-0.30222500696538734,1.0,-1.0,2.0,-2.0
2023-02-07 00:00:00+00:00,-0.22953445377310178,1.0,-1.0,2.0,-2.0
2023-02-08 00:00:00+00:00,-0.3886662813700538,1.0,-1.0,2.0,-2.0
2023-02-09 00:00:00+00:00,-0.3772344139941853,1.0,-1.0,2.0,-2.0
2023-02-10 00:00:00+00:00,0.07163176905596708,1.0,-1.0,2.0,-2.0
2023-02-13 00:00:00+00:00,0.7761610796060221,1.0,-1.0,2.0,-2.0
2023-02-14 00:00:00+00:00,0.14313125339290153,1.0,-1.0,2.0,-2.0
2023-02-15 00:00:00+00:00,-0.21772311450927279,1.0,-1.0,2.0,-2.0
2023-02-16 00:00:00+00:00,-0.3486218282271053,1.0,-1.0,2.0,-2.0
2023-02-17 00:00:00+00:00,-0.36739873398759115,1.0,-1.0,2.0,-2.0
2023-02-21 00:00:00+00:00,-0.7111835264539828,1.0,-1.0,2.0,-2.0
2023-02-22 00:00:00+00:00,-0.18202479308609623,1.0,-1.0,2.0,-2.0
2023-02-23 00:00:00+00:00,-0.2585405600414371,1.0,-1.0,2.0,-2.0
2023-02-24 00:00:00+00:00,-1.756777704657749,1.0,-1.0,2.0,-2.0
2023-02-27 00:00:00+00:00,0.8700589639675038,1.0,-1.0,2.0,-2.0
2023-02-28 00:00:00+00:00,1.594380848522494,1.0,-1.0,2.0,-2.0
2023-03-01 00:00:00+00:00,0.5170964914127006,1.0,-1.0,2.0,-2.0
2023-03-02 00:00:00+00:00,-1.3936131283214657,1.0,-1.0,2.0,-2.0
2023-03-03 00:00:00+00:00,-1.706313646512745,1.0,-1.0,2.0,-2.0
2023-03-06 00:00:00+00:00,-1.1231489644301993,1.0,-1.0,2.0,-2.0
2023-03-07 00:00:00+00:00,1.8259776067233258,1.0,-1.0,2.0,-2.0
2023-03-08 00:00:00+00:00,1.4880839946229159,1.0,-1.0,2.0,-2.0
2023-03-09 00:00:00+00:00,-0.529150262212911,1.0,-1.0,2.0,-2.0
2023-03-10 00:00:00+00:00,0.3011313679370928,1.0,-1.0,2.0,-2.0
2023-03-13 00:00:00+00:00,0.27006488819246494,1.0,-1.0,2.0,-2.0
2023-03-14 00:00:00+00:00,1.88350216481755,1.0,-1.0,2.0,-2.0
2023-03-15 00:00:00+00:00,2.071860074104082,1.0,-1.0,2.0,-2.0
2023-03-16 00:00:00+00:00,1.2016425988114665,1.0,-1.0,2.0,-2.0
2023-03-17 00:00:00+00:00,-0.8560806518309386,1.0,-1.0,2.0,-2.0
2023-03-20 00:00:00+00:00,-0.8052984481424093,1.0,-1.0,2.0,-2.0
2023-03-21 00:00:00+00:00,-0.4374137997844567,1.0,-1.0,2.0,-2.0
2023-03-22 00:00:00+00:00,-1.0270313840129306,1.0,-1.0,2.0,-2.0
2023-03-23 00:00:00+00:00,0.06729553775247511,1.0,-1.0,2.0,-2.0
2023-03-24 00:00:00+00:00,-0.653728081024044,1.0,-1.0,2.0,-2.0
2023-03-27 00:00:00+00:00,-0.6491984866992742,1.0,-1.0,2.0,-2.0
2023-03-28 00:00:00+00:00,-0.3526887892677631,1.0,-1.0,2.0,-2.0
2023-03-29 00:00:00+00:00,-1.097925192319874,1.0,-1.0,2.0,-2.0
2023-03-30 00:00:00+00:00,-2.320923926535151,1.0,-1.0,2.0,-2.0
2023-03-31 00:00:00+00:00,-2.280387912824529,1.0,-1.0,2.0,-2.0
2023-04-03 00:00:00+00:00,-1.9883752826062178,1.0,-1.0,2.0,-2.0
2023-04-04 00:00:00+00:00,-1.2534118628380118,1.0,-1.0,2.0,-2.0
2023-04-05 00:00:00+00:00,-0.8945933670459126,1.0,-1.0,2.0,-2.0
2023-04-06 00:00:00+00:00,-0.804859738016852,1.0,-1.0,2.0,-2.0
2023-04-07 00:00:00+00:00,-0.7876112321244092,1.0,-1.0,2.0,-2.0
2023-04-10 00:00:00+00:00,-0.3377378214484414,1.0,-1.0,2.0,-2.0
2023-04-11 00:00:00+00:00,1.1403184325129812,1.0,-1.0,2.0,-2.0
2023-04-12 00:00:00+00:00,1.839870809411641,1.0,-1.0,2.0,-2.0
2023-04-13 00:00:00+00:00,2.25566299734607,1.0,-1.0,2.0,-2.0
2023-04-14 00:00:00+00:00,0.9190460247784725,1.0,-1.0,2.0,-2.0
2023-04-17 00:00:00+00:00,-0.6457799527092456,1.0,-1.0,2.0,-2.0
2023-04-18 00:00:00+00:00,1.2789907067089679,1.0,-1.0,2.0,-2.0
2023-04-19 00:00:00+00:00,0.40292691719916235,1.0,-1.0,2.0,-2.0
2023-04-20 00:00:00+00:00,1.443441299623319,1.0,-1.0,2.0,-2.0
2023-04-21 00:00:00+00:00,0.22365493516993243,1.0,-1.0,2.0,-2.0
2023-04-24 00:00:00+00:00,-1.015964410517993,1.0,-1.0,2.0,-2.0
2023-04-25 00:00:00+00:00,-2.681788927042984,1.0,-1.0,2.0,-2.0
2023-04-26 00:00:00+00:00,-1.7994604172189712,1.0,-1.0,2.0,-2.0
2023-04-27 00:00:00+00:00,-0.037892410911116454,1.0,-1.0,2.0,-2.0
2023-04-28 00:00:00+00:00,-1.4310856723045149,1.0,-1.0,2.0,-2.0
2023-05-01 00:00:00+00:00,-0.16159401969084336,1.0,-1.0,2.0,-2.0
2023-05-02 00:00:00+00:00,-0.6699175833072947,1.0,-1.0,2.0,-2.0
2023-05-03 00:00:00+00:00,0.9992856965359477,1.0,-1.0,2.0,-2.0
2023-05-04 00:00:00+00:00,1.7080567605917791,1.0,-1.0,2.0,-2.0
2023-05-05 00:00:00+00:00,2.3675715347914714,1.0,-1.0,2.0,-2.0
2023-05-08 00:00:00+00:00,1.8681947906595153,1.0,-1.0,2.0,-2.0
2023-05-09 00:00:00+00:00,1.3208643591036857,1.0,-1.0,2.0,-2.0
2023-05-10 00:00:00+00:00,1.302507712027347,1.0,-1.0,2.0,-2.0
2023-05-11 00:00:00+00:00,0.5107496617401289,1.0,-1.0,2.0,-2.0
2023-05-12 00:00:00+00:00,0.6084159475160558,1.0,-1.0,2.0,-2.0
2023-05-15 00:00:00+00:00,0.3248259727752077,1.0,-1.0,2.0,-2.0
2023-05-16 00:00:00+00:00,-1.3162997137089856,1.0,-1.0,2.0,-2.0
2023-05-17 00:00:00+00:00,-1.2938858126059007,1.0,-1.0,2.0,-2.0
2023-05-18 00:00:00+00:00,-1.3531778158853063,1.0,-1.0,2.0,-2.0
2023-05-19 00:00:00+00:00,-1.2046311658258615,1.0,-1.0,2.0,-2.0
2023-05-22 00:00:00+00:00,-1.3692832829114499,1.0,-1.0,2.0,-2.0
2023-05-23 00:00:00+00:00,-1.1810696409140067,1.0,-1.0,2.0,-2.0
2023-05-24 00:00:00+00:00,-1.8805183017579892,1.0,-1.0,2.0,-2.0
2023-05-25 00:00:00+00:00,-2.031759047547123,1.0,-1.0,2.0,-2.0
2023-05-26 00:00:00+00:00,-0.35534079604863994,1.0,-1.0,2.0,-2.0
2023-05-30 00:00:00+00:00,-0.2778516204042431,1.0,-1.0,2.0,-2.0
2023-05-31 00:00:00+00:00,-0.5489652197535057,1.0,-1.0,2.0,-2.0
2023-06-01 00:00:00+00:00,-0.574583393605273,1.0,-1.0,2.0,-2.0
2023-06-02 00:00:00+00:00,-0.808439181745573,1.0,-1.0,2.0,-2.0
2023-06-05 00:00:00+00:00,-0.6287825741256685,1.0,-1.0,2.0,-2.0
2023-06-06 00:00:00+00:00,0.005614775362880833,1.0,-1.0,2.0,-2.0
2023-06-07 00:00:00+00:00,-0.03652829234153515,1.0,-1.0,2.0,-2.0
2023-06-08 00:00:00+00:00,-0.7482988399077006,1.0,-1.0,2.0,-2.0
2023-06-09 00:00:00+00:00,-0.7523996189359894,1.0,-1.0,2.0,-2.0
2023-06-12 00:00:00+00:00,-0.14270714082585356,1.0,-1.0,2.0,-2.0
2023-06-13 00:00:00+00:00,0.451940765604616,1.0,-1.0,2.0,-2.0
2023-06-14 00:00:00+00:00,0.6363876638913635,1.0,-1.0,2.0,-2.0
2023-06-15 00:00:00+00:00,0.634836138576376,1.0,-1.0,2.0,-2.0
2023-06-16 00:00:00+00:00,2.575367313635811,1.0,-1.0,2.0,-2.0
2023-06-20 00:00:00+00:00,1.9370407995319765,1.0,-1.0,2.0,-2.0
2023-06-21 00:00:00+00:00,2.0277338985303546,1.0,-1.0,2.0,-2.0
2023-06-22 00:00:00+00:00,1.819558173490947,1.0,-1.0,2.0,-2.0
2023-06-23 00:00:00+00:00,1.4829640985100683,1.0,-1.0,2.0,-2.0
2023-06-26 00:00:00+00:00,1.707019943584065,1.0,-1.0,2.0,-2.0
2023-06-27 00:00:00+00:00,1.7459150914608785,1.0,-1.0,2.0,-2.0
2023-06-28 00:00:00+00:00,-0.751907982889956,1.0,-1.0,2.0,-2.0
2023-06-29 00:00:00+00:00,-0.0520537151157156,1.0,-1.0,2.0,-2.0
2023-06-30 00:00:00+00:00,0.11893132536477177,1.0,-1.0,2.0,-2.0
2023-07-03 00:00:00+00:00,-0.15346275032076545,1.0,-1.0,2.0,-2.0
2023-07-05 00:00:00+00:00,-0.30041898991879273,1.0,-1.0,2.0,-2.0
2023-07-06 00:00:00+00:00,-0.45128385995680054,1.0,-1.0,2.0,-2.0
2023-07-07 00:00:00+00:00,-0.5686367224315192,1.0,-1.0,2.0,-2.0
2023-07-10 00:00:00+00:00,0.754072163151877,1.0,-1.0,2.0,-2.0
2023-07-11 00:00:00+00:00,0.41558976085306215,1.0,-1.0,2.0,-2.0
2023-07-12 00:00:00+00:00,-0.24279685002599327,1.0,-1.0,2.0,-2.0
2023-07-13 00:00:00+00:00,-0.24357677965280108,1.0,-1.0,2.0,-2.0
2023-07-14 00:00:00+00:00,-0.102040559470315,1.0,-1.0,2.0,-2.0
2023-07-17 00:00:00+00:00,-0.6709022562567034,1.0,-1.0,2.0,-2.0
2023-07-18 00:00:00+00:00,-0.15090056624970682,1.0,-1.0,2.0,-2.0
2023-07-19 00:00:00+00:00,-0.5457621693732744,1.0,-1.0,2.0,-2.0
2023-07-20 00:00:00+00:00,-0.3836316666587074,1.0,-1.0,2.0,-2.0
2023-07-21 00:00:00+00:00,-0.18288273927118712,1.0,-1.0,2.0,-2.0
2023-07-24 00:00:00+00:00,-0.06289019453341944,1.0,-1.0,2.0,-2.0
2023-07-25 00:00:00+00:00,-0.17410007384373277,1.0,-1.0,2.0,-2.0
2023-07-26 00:00:00+00:00,0.10189451069657943,1.0,-1.0,2.0,-2.0
2023-07-27 00:00:00+00:00,-0.5287316921823816,1.0,-1.0,2.0,-2.0
2023-07-28 00:00:00+00:00,-0.32857459642511444,1.0,-1.0,2.0,-2.0
2023-07-31 00:00:00+00:00,0.04781853306588521,1.0,-1.0,2.0,-2.0
2023-08-01 00:00:00+00:00,0.13782977639197147,1.0,-1.0,2.0,-2.0
2023-08-02 00:00:00+00:00,0.32281141449676537,1.0,-1.0,2.0,-2.0
2023-08-03 00:00:00+00:00,0.5039507874896275,1.0,-1.0,2.0,-2.0
2023-08-04 00:00:00+00:00,0.6499479229258464,1.0,-1.0,2.0,-2.0
2023-08-07 00:00:00+00:00,0.652929542689064,1.0,-1.0,2.0,-2.0
2023-08-08 00:00:00+00:00,0.17255803078859702,1.0,-1.0,2.0,-2.0
2023-08-09 00:00:00+00:00,-0.17823016694592425,1.0,-1.0,2.0,-2.0
2023-08-10 00:00:00+00:00,-0.21894824538795563,1.0,-1.0,2.0,-2.0
2023-08-11 00:00:00+00:00,-0.4297221222042696,1.0,-1.0,2.0,-2.0
2023-08-14 00:00:00+00:00,-0.5687393972645247,1.0,-1.0,2.0,-2.0
2023-08-15 00:00:00+00:00,-0.4419230947981536,1.0,-1.0,2.0,-2.0
2023-08-16 00:00:00+00:00,-0.4498157330855124,1.0,-1.0,2.0,-2.0
2023-08-17 00:00:00+00:00,0.2743437704678846,1.0,-1.0,2.0,-2.0
2023-08-18 00:00:00+00:00,0.10619851073609458,1.0,-1.0,2.0,-2.0
2023-08-21 00:00:00+00:00,0.34613344589816464,1.0,-1.0,2.0,-2.0
2023-08-22 00:00:00+00:00,0.8039019126518455,1.0,-1.0,2.0,-2.0
2023-08-23 00:00:00+00:00,0.5687357901506516,1.0,-1.0,2.0,-2.0
2023-08-24 00:00:00+00:00,0.3541700436809144,1.0,-1.0,2.0,-2.0
2023-08-25 00:00:00+00:00,0.12525407036556543,1.0,-1.0,2.0,-2.0
2023-08-28 00:00:00+00:00,-0.3093592007365317,1.0,-1.0,2.0,-2.0
2023-08-29 00:00:00+00:00,0.7543765961431277,1.0,-1.0,2.0,-2.0
2023-08-30 00:00:00+00:00,-0.3497799795019582,1.0,-1.0,2.0,-2.0
2023-08-31 00:00:00+00:00,-0.6547945239115844,1.0,-1.0,2.0,-2.0
2023-09-01 00:00:00+00:00,-0.04999508149278921,1.0,-1.0,2.0,-2.0
2023-09-05 00:00:00+00:00,-1.1754097427829135,1.0,-1.0,2.0,-2.0
2023-09-06 00:00:00+00:00,0.5898522082611196,1.0,-1.0,2.0,-2.0
2023-09-07 00:00:00+00:00,1.0405656264074394,1.0,-1.0,2.0,-2.0
2023-09-08 00:00:00+00:00,0.501886648659125,1.0,-1.0,2.0,-2.0
2023-09-11 00:00:00+00:00,2.05509424974397,1.0,-1.0,2.0,-2.0
2023-09-12 00:00:00+00:00,2.0780079526924378,1.0,-1.0,2.0,-2.0
2023-09-13 00:00:00+00:00,1.7563582098795925,1.0,-1.0,2.0,-2.0
2023-09-14 00:00:00+00:00,2.946869635602451,1.0,-1.0,2.0,-2.0
2023-09-15 00:00:00+00:00,1.5289389317346713,1.0,-1.0,2.0,-2.0
2023-09-18 00:00:00+00:00,0.5489223255271771,1.0,-1.0,2.0,-2.0
2023-09-19 00:00:00+00:00,0.073392040388554,1.0,-1.0,2.0,-2.0
2023-09-20 00:00:00+00:00,-0.402882298984451,1.0,-1.0,2.0,-2.0
2023-09-21 00:00:00+00:00,0.23274677575588723,1.0,-1.0,2.0,-2.0
2023-09-22 00:00:00+00:00,0.002416269503495576,1.0,-1.0,2.0,-2.0
2023-09-25 00:00:00+00:00,2.2612704868216498,1.0,-1.0,2.0,-2.0
2023-09-26 00:00:00+00:00,2.071544225863921,1.0,-1.0,2.0,-2.0
2023-09-27 00:00:00+00:00,2.3028345120718283,1.0,-1.0,2.0,-2.0
2023-09-28 00:00:00+00:00,1.2380404685502475,1.0,-1.0,2.0,-2.0
2023-09-29 00:00:00+00:00,0.676895711555871,1.0,-1.0,2.0,-2.0
2023-10-02 00:00:00+00:00,1.0595706387015227,1.0,-1.0,2.0,-2.0
2023-10-03 00:00:00+00:00,1.1985531612595626,1.0,-1.0,2.0,-2.0
2023-10-04 00:00:00+00:00,-1.4093771541171904,1.0,-1.0,2.0,-2.0
2023-10-05 00:00:00+00:00,-1.3556128066378472,1.0,-1.0,2.0,-2.0
2023-10-06 00:00:00+00:00,-1.6400683280287458,1.0,-1.0,2.0,-2.0
2023-10-09 00:00:00+00:00,-0.573450731484432,1.0,-1.0,2.0,-2.0
2023-10-10 00:00:00+00:00,-1.1792248451908949,1.0,-1.0,2.0,-2.0
2023-10-11 00:00:00+00:00,-1.903060214483394,1.0,-1.0,2.0,-2.0
2023-10-12 00:00:00+00:00,-1.8165552714844337,1.0,-1.0,2.0,-2.0
2023-10-13 00:00:00+00:00,-2.1211624516132375,1.0,-1.0,2.0,-2.0
2023-10-16 00:00:00+00:00,-2.0438459722392617,1.0,-1.0,2.0,-2.0
2023-10-17 00:00:00+00:00,-1.9451369623271089,1.0,-1.0,2.0,-2.0
2023-10-18 00:00:00+00:00,-1.6377125803484653,1.0,-1.0,2.0,-2.0
2023-10-19 00:00:00+00:00,-1.1267925149098217,1.0,-1.0,2.0,-2.0
2023-10-20 00:00:00+00:00,-0.8822743672527746,1.0,-1.0,2.0,-2.0
2023-10-23 00:00:00+00:00,-0.7553286499630822,1.0,-1.0,2.0,-2.0
2023-10-24 00:00:00+00:00,-0.10763359550677826,1.0,-1.0,2.0,-2.0
2023-10-25 00:00:00+00:00,0.1313250124251145,1.0,-1.0,2.0,-2.0
2023-10-26 00:00:00+00:00,0.32327575286434235,1.0,-1.0,2.0,-2.0
2023-10-27 00:00:00+00:00,0.09633263166697549,1.0,-1.0,2.0,-2.0
2023-10-30 00:00:00+00:00,0.6005851785013575,1.0,-1.0,2.0,-2.0
2023-10-31 00:00:00+00:00,0.2844476989369582,1.0,-1.0,2.0,-2.0
2023-11-01 00:00:00+00:00,0.45756670229689445,1.0,-1.0,2.0,-2.0
2023-11-02 00:00:00+00:00,0.6053206049859869,1.0,-1.0,2.0,-2.0
2023-11-03 00:00:00+00:00,0.3072183629713316,1.0,-1.0,2.0,-2.0
2023-11-06 00:00:00+00:00,-0.29680094476680097,1.0,-1.0,2.0,-2.0
2023-11-07 00:00:00+00:00,0.09884435217069787,1.0,-1.0,2.0,-2.0
2023-11-08 00:00:00+00:00,-0.7489731471538874,1.0,-1.0,2.0,-2.0
2023-11-09 00:00:00+00:00,0.02682884171987598,1.0,-1.0,2.0,-2.0
2023-11-10 00:00:00+00:00,-0.28097977071883595,1.0,-1.0,2.0,-2.0
2023-11-13 00:00:00+00:00,-0.5120615061902879,1.0,-1.0,2.0,-2.0
2023-11-14 00:00:00+00:00,-0.18443672064326022,1.0,-1.0,2.0,-2.0
2023-11-15 00:00:00+00:00,0.54613397846849,1.0,-1.0,2.0,-2.0
2023-11-16 00:00:00+00:00,-0.8722723661949614,1.0,-1.0,2.0,-2.0
2023-11-17 00:00:00+00:00,-0.09585408998465325,1.0,-1.0,2.0,-2.0
2023-11-20 00:00:00+00:00,-0.6547707702367092,1.0,-1.0,2.0,-2.0
2023-11-21 00:00:00+00:00,-0.6478526196139743,1.0,-1.0,2.0,-2.0
2023-11-22 00:00:00+00:00,-0.8414463401161049,1.0,-1.0,2.0,-2.0
2023-11-24 00:00:00+00:00,-1.0015439533013464,1.0,-1.0,2.0,-2.0
2023-11-27 00:00:00+00:00,-0.2431756357539205,1.0,-1.0,2.0,-2.0
2023-11-28 00:00:00+00:00,0.5983663914641548,1.0,-1.0,2.0,-2.0
2023-11-29 00:00:00+00:00,0.6050838950123676,1.0,-1.0,2.0,-2.0
2023-11-30 00:00:00+00:00,1.1061662022868666,1.0,-1.0,2.0,-2.0
2023-12-01 00:00:00+00:00,0.4985454406979322,1.0,-1.0,2.0,-2.0
2023-12-04 00:00:00+00:00,0.8453786865458648,1.0,-1.0,2.0,-2.0
2023-12-05 00:00:00+00:00,0.8277375932561656,1.0,-1.0,2.0,-2.0
2023-12-06 00:00:00+00:00,-0.29134819716009563,1.0,-1.0,2.0,-2.0
2023-12-07 00:00:00+00:00,0.2170769667153064,1.0,-1.0,2.0,-2.0
2023-12-08 00:00:00+00:00,-0.05012921714031896,1.0,-1.0,2.0,-2.0
2023-12-11 00:00:00+00:00,-0.6723527772691853,1.0,-1.0,2.0,-2.0
2023-12-12 00:00:00+00:00,0.15850134045735473,1.0,-1.0,2.0,-2.0
2023-12-13 00:00:00+00:00,0.406032036297632,1.0,-1.0,2.0,-2.0
2023-12-14 00:00:00+00:00,-0.16633608165952068,1.0,-1.0,2.0,-2.0
2023-12-15 00:00:00+00:00,0.36824809759162974,1.0,-1.0,2.0,-2.0
2023-12-18 00:00:00+00:00,-0.053812275926460706,1.0,-1.0,2.0,-2.0
2023-12-19 00:00:00+00:00,0.20252128379383827,1.0,-1.0,2.0,-2.0
2023-12-20 00:00:00+00:00,0.013530690723072196,1.0,-1.0,2.0,-2.0
2023-12-21 00:00:00+00:00,0.1844525610423036,1.0,-1.0,2.0,-2.0
2023-12-22 00:00:00+00:00,1.8293006583292897,1.0,-1.0,2.0,-2.0
2023-12-26 00:00:00+00:00,0.775483319446784,1.0,-1.0,2.0,-2.0
2023-12-27 00:00:00+00:00,1.5574870230898037,1.0,-1.0,2.0,-2.0
2023-12-28 00:00:00+00:00,1.0249073870317866,1.0,-1.0,2.0,-2.0
2023-12-29 00:00:00+00:00,-0.5856798211501574,1.0,-1.0,2.0,-2.0
2024-01-02 00:00:00+00:00,2.9269424971432296,1.0,-1.0,2.0,-2.0
2024-01-03 00:00:00+00:00,2.3720383811598444,1.0,-1.0,2.0,-2.0
2024-01-04 00:00:00+00:00,3.403911799219075,1.0,-1.0,2.0,-2.0
2024-01-05 00:00:00+00:00,2.640773636681399,1.0,-1.0,2.0,-2.0
2024-01-08 00:00:00+00:00,2.3868424495798344,1.0,-1.0,2.0,-2.0
2024-01-09 00:00:00+00:00,2.267779631399578,1.0,-1.0,2.0,-2.0
2024-01-10 00:00:00+00:00,0.8129195078281731,1.0,-1.0,2.0,-2.0
2024-01-11 00:00:00+00:00,0.9238492113278254,1.0,-1.0,2.0,-2.0
2024-01-12 00:00:00+00:00,-0.23383146185482281,1.0,-1.0,2.0,-2.0
2024-01-16 00:00:00+00:00,-1.3277845683599143,1.0,-1.0,2.0,-2.0
2024-01-17 00:00:00+00:00,-1.860096981505979,1.0,-1.0,2.0,-2.0
2024-01-18 00:00:00+00:00,-1.4841466540628374,1.0,-1.0,2.0,-2.0
2024-01-19 00:00:00+00:00,-1.2444784168516516,1.0,-1.0,2.0,-2.0
2024-01-22 00:00:00+00:00,-1.3460897038825852,1.0,-1.0,2.0,-2.0
2024-01-23 00:00:00+00:00,-1.0694845520956264,1.0,-1.0,2.0,-2.0
2024-01-24 00:00:00+00:00,-0.1273808515760615,1.0,-1.0,2.0,-2.0
2024-01-25 00:00:00+00:00,0.07736902604108867,1.0,-1.0,2.0,-2.0
2024-01-26 00:00:00+00:00,-0.14514985947136597,1.0,-1.0,2.0,-2.0
2024-01-29 00:00:00+00:00,-0.11813127472683346,1.0,-1.0,2.0,-2.0
2024-01-30 00:00:00+00:00,-0.2304557988970353,1.0,-1.0,2.0,-2.0
2024-01-31 00:00:00+00:00,-0.4337021283320448,1.0,-1.0,2.0,-2.0
2024-02-01 00:00:00+00:00,-0.48680293662222573,1.0,-1.0,2.0,-2.0
2024-02-02 00:00:00+00:00,-0.4471002786404501,1.0,-1.0,2.0,-2.0
2024-02-05 00:00:00+00:00,-0.20489793714373014,1.0,-1.0,2.0,-2.0
2024-02-06 00:00:00+00:00,-0.2607845567737178,1.0,-1.0,2.0,-2.0
2024-02-07 00:00:00+00:00,-0.002544247935083257,1.0,-1.0,2.0,-2.0
2024-02-08 00:00:00+00:00,-0.0056744183720599025,1.0,-1.0,2.0,-2.0
2024-02-09 00:00:00+00:00,0.1802131371418891,1.0,-1.0,2.0,-2.0
2024-02-12 00:00:00+00:00,0.659042089480657,1.0,-1.0,2.0,-2.0
2024-02-13 00:00:00+00:00,0.25273574109685315,1.0,-1.0,2.0,-2.0
2024-02-14 00:00:00+00:00,0.47204296216485425,1.0,-1.0,2.0,-2.0
2024-02-15 00:00:00+00:00,0.21821430036347228,1.0,-1.0,2.0,-2.0
2024-02-16 00:00:00+00:00,-0.11563296136913304,1.0,-1.0,2.0,-2.0
2024-02-20 00:00:00+00:00,-0.2581946878042013,1.0,-1.0,2.0,-2.0
2024-02-21 00:00:00+00:00,-0.00910517805361731,1.0,-1.0,2.0,-2.0
2024-02-22 00:00:00+00:00,0.41764932179271963,1.0,-1.0,2.0,-2.0
2024-02-23 00:00:00+00:00,0.6788896000888965,1.0,-1.0,2.0,-2.0
2024-02-26 00:00:00+00:00,1.278196631678007,1.0,-1.0,2.0,-2.0
2024-02-27 00:00:00+00:00,2.1300970477504633,1.0,-1.0,2.0,-2.0
2024-02-28 00:00:00+00:00,0.7563853339017534,1.0,-1.0,2.0,-2.0
2024-02-29 00:00:00+00:00,1.424136838009954,1.0,-1.0,2.0,-2.0
2024-03-01 00:00:00+00:00,-0.5070499878845942,1.0,-1.0,2.0,-2.0
2024-03-04 00:00:00+00:00,-1.2624424073552196,1.0,-1.0,2.0,-2.0
2024-03-05 00:00:00+00:00,-0.9191061989697344,1.0,-1.0,2.0,-2.0
2024-03-06 00:00:00+00:00,-0.9648425758874971,1.0,-1.0,2.0,-2.0
2024-03-07 00:00:00+00:00,0.014515155240223352,1.0,-1.0,2.0,-2.0
2024-03-08 00:00:00+00:00,-2.141655348329112,1.0,-1.0,2.0,-2.0
2024-03-11 00:00:00+00:00,-0.5982727614572921,1.0,-1.0,2.0,-2.0
2024-03-12 00:00:00+00:00,0.09335735820102298,1.0,-1.0,2.0,-2.0
2024-03-13 00:00:00+00:00,0.0605636332129537,1.0,-1.0,2.0,-2.0
2024-03-14 00:00:00+00:00,0.08122328620673598,1.0,-1.0,2.0,-2.0
2024-03-15 00:00:00+00:00,-0.43765442787007935,1.0,-1.0,2.0,-2.0
2024-03-18 00:00:00+00:00,1.1806869776237305,1.0,-1.0,2.0,-2.0
2024-03-19 00:00:00+00:00,1.066763656258123,1.0,-1.0,2.0,-2.0
2024-03-20 00:00:00+00:00,0.03855772251535382,1.0,-1.0,2.0,-2.0
2024-03-21 00:00:00+00:00,0.06480604266069553,1.0,-1.0,2.0,-2.0
2024-03-22 00:00:00+00:00,-0.5258713367840313,1.0,-1.0,2.0,-2.0
2024-03-25 00:00:00+00:00,1.4915278175101987,1.0,-1.0,2.0,-2.0
2024-03-26 00:00:00+00:00,-0.18986747759818617,1.0,-1.0,2.0,-2.0
2024-03-27 00:00:00+00:00,-1.635544458862265,1.0,-1.0,2.0,-2.0
2024-03-28 00:00:00+00:00,1.2928508508212384,1.0,-1.0,2.0,-2.0
2024-03-29 00:00:00+00:00,1.168888403984755,1.0,-1.0,2.0,-2.0
2024-04-01 00:00:00+00:00,1.8847802643006037,1.0,-1.0,2.0,-2.0
2024-04-02 00:00:00+00:00,0.39415852706135845,1.0,-1.0,2.0,-2.0
2024-04-03 00:00:00+00:00,1.712796018232966,1.0,-1.0,2.0,-2.0
2024-04-04 00:00:00+00:00,1.8472728145677269,1.0,-1.0,2.0,-2.0
2024-04-05 00:00:00+00:00,0.32722015597648424,1.0,-1.0,2.0,-2.0
2024-04-08 00:00:00+00:00,0.7144562696162546,1.0,-1.0,2.0,-2.0
2024-04-09 00:00:00+00:00,0.3118398539125143,1.0,-1.0,2.0,-2.0
2024-04-10 00:00:00+00:00,0.49418549107300325,1.0,-1.0,2.0,-2.0
2024-04-11 00:00:00+00:00,0.32304558956121554,1.0,-1.0,2.0,-2.0
2024-04-12 00:00:00+00:00,0.3751363285393482,1.0,-1.0,2.0,-2.0
2024-04-15 00:00:00+00:00,2.4012056463336293,1.0,-1.0,2.0,-2.0
2024-04-16 00:00:00+00:00,2.694166114556285,1.0,-1.0,2.0,-2.0
2024-04-17 00:00:00+00:00,2.2890341387266226,1.0,-1.0,2.0,-2.0
2024-04-18 00:00:00+00:00,1.6857025005480304,1.0,-1.0,2.0,-2.0
2024-04-19 00:00:00+00:00,2.15566555628344,1.0,-1.0,2.0,-2.0
2024-04-22 00:00:00+00:00,2.032701970539603,1.0,-1.0,2.0,-2.0
2024-04-23 00:00:00+00:00,0.6277919489778228,1.0,-1.0,2.0,-2.0
2024-04-24 00:00:00+00:00,-0.21135391765910155,1.0,-1.0,2.0,-2.0
2024-04-25 00:00:00+00:00,-0.3591900365960396,1.0,-1.0,2.0,-2.0
2024-04-26 00:00:00+00:00,-1.3012360989257372,1.0,-1.0,2.0,-2.0
2024-04-29 00:00:00+00:00,-2.3646671796358185,1.0,-1.0,2.0,-2.0
2024-04-30 00:00:00+00:00,-1.7420012437434393,1.0,-1.0,2.0,-2.0
2024-05-01 00:00:00+00:00,-1.371836630264663,1.0,-1.0,2.0,-2.0
2024-05-02 00:00:00+00:00,-1.1343721948434664,1.0,-1.0,2.0,-2.0
2024-05-03 00:00:00+00:00,-1.5305888202791225,1.0,-1.0,2.0,-2.0
2024-05-06 00:00:00+00:00,-0.9995699285707028,1.0,-1.0,2.0,-2.0
2024-05-07 00:00:00+00:00,-1.128354202550014,1.0,-1.0,2.0,-2.0
2024-05-08 00:00:00+00:00,-1.312012931327554,1.0,-1.0,2.0,-2.0
2024-05-09 00:00:00+00:00,-1.197146443817304,1.0,-1.0,2.0,-2.0
2024-05-10 00:00:00+00:00,-1.2328508450554339,1.0,-1.0,2.0,-2.0
2024-05-13 00:00:00+00:00,-1.002426540196015,1.0,-1.0,2.0,-2.0
2024-05-14 00:00:00+00:00,-0.5593995166023646,1.0,-1.0,2.0,-2.0
2024-05-15 00:00:00+00:00,0.12370711869309056,1.0,-1.0,2.0,-2.0
2024-05-16 00:00:00+00:00,-0.9067164706438675,1.0,-1.0,2.0,-2.0
2024-05-17 00:00:00+00:00,0.6270755922109913,1.0,-1.0,2.0,-2.0
2024-05-20 00:00:00+00:00,0.8823588646193651,1.0,-1.0,2.0,-2.0
2024-05-21 00:00:00+00:00,1.3393824754938572,1.0,-1.0,2.0,-2.0
2024-05-22 00:00:00+00:00,-0.41897407020046606,1.0,-1.0,2.0,-2.0
2024-05-23 00:00:00+00:00,-0.13513852444502547,1.0,-1.0,2.0,-2.0
2024-05-24 00:00:00+00:00,1.727440036514874,1.0,-1.0,2.0,-2.0
2024-05-28 00:00:00+00:00,-1.4277172773695495,1.0,-1.0,2.0,-2.0
2024-05-29 00:00:00+00:00,-0.7999717067641685,1.0,-1.0,2.0,-2.0
2024-05-30 00:00:00+00:00,-0.5084322977157698,1.0,-1.0,2.0,-2.0
2024-05-31 00:00:00+00:00,0.6148507478253542,1.0,-1.0,2.0,-2.0
2024-06-03 00:00:00+00:00,1.9060731020350457,1.0,-1.0,2.0,-2.0
2024-06-04 00:00:00+00:00,1.218286226262339,1.0,-1.0,2.0,-2.0
2024-06-05 00:00:00+00:00,1.3767325487236273,1.0,-1.0,2.0,-2.0
2024-06-06 00:00:00+00:00,0.48406234504182893,1.0,-1.0,2.0,-2.0
2024-06-07 00:00:00+00:00,-0.14328952467881623,1.0,-1.0,2.0,-2.0
2024-06-10 00:00:00+00:00,1.4740855391718397,1.0,-1.0,2.0,-2.0
2024-06-11 00:00:00+00:00,-0.3508502290942997,1.0,-1.0,2.0,-2.0
2024-06-12 00:00:00+00:00,0.42946898123403093,1.0,-1.0,2.0,-2.0
2024-06-13 00:00:00+00:00,0.9362636601110575,1.0,-1.0,2.0,-2.0
2024-06-14 00:00:00+00:00,1.2598047246814563,1.0,-1.0,2.0,-2.0
2024-06-17 00:00:00+00:00,1.7139981516427165,1.0,-1.0,2.0,-2.0
2024-06-18 00:00:00+00:00,0.41343749159965604,1.0,-1.0,2.0,-2.0
2024-06-20 00:00:00+00:00,0.7593712413228391,1.0,-1.0,2.0,-2.0
2024-06-21 00:00:00+00:00,0.8252622488800408,1.0,-1.0,2.0,-2.0
2024-06-24 00:00:00+00:00,0.5958405148064202,1.0,-1.0,2.0,-2.0
2024-06-25 00:00:00+00:00,0.6280211510182069,1.0,-1.0,2.0,-2.0
2024-06-26 00:00:00+00:00,0.39149706037848836,1.0,-1.0,2.0,-2.0
2024-06-27 00:00:00+00:00,0.1008319656157792,1.0,-1.0,2.0,-2.0
2024-06-28 00:00:00+00:00,-0.6070971126568914,1.0,-1.0,2.0,-2.0
2024-07-01 00:00:00+00:00,-2.3390884811239063,1.0,-1.0,2.0,-2.0
2024-07-02 00:00:00+00:00,-1.806505133954168,1.0,-1.0,2.0,-2.0
2024-07-03 00:00:00+00:00,-2.2925943483638958,1.0,-1.0,2.0,-2.0
2024-07-05 00:00:00+00:00,-1.6770517367097943,1.0,-1.0,2.0,-2.0
2024-07-08 00:00:00+00:00,-0.7009815786688139,1.0,-1.0,2.0,-2.0
2024-07-09 00:00:00+00:00,-1.0564156526440154,1.0,-1.0,2.0,-2.0
2024-07-10 00:00:00+00:00,-0.955981854157795,1.0,-1.0,2.0,-2.0
2024-07-11 00:00:00+00:00,-0.9799245280427394,1.0,-1.0,2.0,-2.0
2024-07-12 00:00:00+00:00,-0.2134561996304404,1.0,-1.0,2.0,-2.0
2024-07-15 00:00:00+00:00,-0.17024670924814733,1.0,-1.0,2.0,-2.0
2024-07-16 00:00:00+00:00,-0.9877337754548126,1.0,-1.0,2.0,-2.0
2024-07-17 00:00:00+00:00,-0.5328937524053213,1.0,-1.0,2.0,-2.0
2024-07-18 00:00:00+00:00,1.0350588169756672,1.0,-1.0,2.0,-2.0
2024-07-19 00:00:00+00:00,0.42741454181091876,1.0,-1.0,2.0,-2.0
2024-07-22 00:00:00+00:00,0.510026844224554,1.0,-1.0,2.0,-2.0
2024-07-23 00:00:00+00:00,0.1876662443293031,1.0,-1.0,2.0,-2.0
2024-07-24 00:00:00+00:00,1.1874837039173163,1.0,-1.0,2.0,-2.0
2024-07-25 00:00:00+00:00,0.5364238592688246,1.0,-1.0,2.0,-2.0
2024-07-26 00:00:00+00:00,0.6163513628465663,1.0,-1.0,2.0,-2.0
2024-07-29 00:00:00+00:00,0.49043204961594944,1.0,-1.0,2.0,-2.0
2024-07-30 00:00:00+00:00,1.8164642921358523,1.0,-1.0,2.0,-2.0
2024-07-31 00:00:00+00:00,2.460122571823836,1.0,-1.0,2.0,-2.0
2024-08-01 00:00:00+00:00,0.6808606578948642,1.0,-1.0,2.0,-2.0
2024-08-02 00:00:00+00:00,0.7492129348551755,1.0,-1.0,2.0,-2.0
2024-08-05 00:00:00+00:00,1.3519004930394452,1.0,-1.0,2.0,-2.0
2024-08-06 00:00:00+00:00,1.3498181233399067,1.0,-1.0,2.0,-2.0
2024-08-07 00:00:00+00:00,0.826506467139828,1.0,-1.0,2.0,-2.0
2024-08-08 00:00:00+00:00,-1.060017159528954,1.0,-1.0,2.0,-2.0
2024-08-09 00:00:00+00:00,0.31346556525547264,1.0,-1.0,2.0,-2.0
2024-08-12 00:00:00+00:00,1.0023634621672994,1.0,-1.0,2.0,-2.0
2024-08-13 00:00:00+00:00,0.29275486274272017,1.0,-1.0,2.0,-2.0
2024-08-14 00:00:00+00:00,0.9310717365516502,1.0,-1.0,2.0,-2.0
2024-08-15 00:00:00+00:00,-0.5539101337328074,1.0,-1.0,2.0,-2.0
2024-08-16 00:00:00+00:00,0.44211841086519665,1.0,-1.0,2.0,-2.0
2024-08-19 00:00:00+00:00,-0.5319667992734824,1.0,-1.0,2.0,-2.0
2024-08-20 00:00:00+00:00,-0.7793439864272236,1.0,-1.0,2.0,-2.0
2024-08-21 00:00:00+00:00,-1.496466064232486,1.0,-1.0,2.0,-2.0
2024-08-22 00:00:00+00:00,-1.6406329402258306,1.0,-1.0,2.0,-2.0
2024-08-23 00:00:00+00:00,-0.8446385217874223,1.0,-1.0,2.0,-2.0
2024-08-26 00:00:00+00:00,-1.8129074189010876,1.0,-1.0,2.0,-2.0
2024-08-27 00:00:00+00:00,-1.3911171922425312,1.0,-1.0,2.0,-2.0
2024-08-28 00:00:00+00:00,-1.8070589451113286,1.0,-1.0,2.0,-2.0
2024-08-29 00:00:00+00:00,0.004094749608383038,1.0,-1.0,2.0,-2.0
2024-08-30 00:00:00+00:00,1.7939060994630769,1.0,-1.0,2.0,-2.0
2024-09-03 00:00:00+00:00,0.6354625267341409,1.0,-1.0,2.0,-2.0
2024-09-04 00:00:00+00:00,1.7960675045078571,1.0,-1.0,2.0,-2.0
2024-09-05 00:00:00+00:00,2.0383644837039028,1.0,-1.0,2.0,-2.0
2024-09-06 00:00:00+00:00,1.41523484211379,1.0,-1.0,2.0,-2.0
2024-09-09 00:00:00+00:00,-0.48211810479065753,1.0,-1.0,2.0,-2.0
2024-09-10 00:00:00+00:00,-1.2621767448426622,1.0,-1.0,2.0,-2.0
2024-09-11 00:00:00+00:00,-0.5001753816470332,1.0,-1.0,2.0,-2.0
2024-09-12 00:00:00+00:00,-1.147599411414914,1.0,-1.0,2.0,-2.0
2024-09-13 00:00:00+00:00,-1.2554159256284116,1.0,-1.0,2.0,-2.0
2024-09-16 00:00:00+00:00,-0.5264814058608371,1.0,-1.0,2.0,-2.0
2024-09-17 00:00:00+00:00,0.4623822312308187,1.0,-1.0,2.0,-2.0
2024-09-18 00:00:00+00:00,0.33322509065038647,1.0,-1.0,2.0,-2.0
2024-09-19 00:00:00+00:00,0.18716990094079874,1.0,-1.0,2.0,-2.0
2024-09-20 00:00:00+00:00,0.036828369914255366,1.0,-1.0,2.0,-2.0
2024-09-23 00:00:00+00:00,0.609419478973562,1.0,-1.0,2.0,-2.0
2024-09-24 00:00:00+00:00,0.8557501939637697,1.0,-1.0,2.0,-2.0
2024-09-25 00:00:00+00:00,0.12210562340165992,1.0,-1.0,2.0,-2.0
2024-09-26 00:00:00+00:00,-0.5940286198360383,1.0,-1.0,2.0,-2.0
2024-09-27 00:00:00+00:00,-0.5712423614232077,1.0,-1.0,2.0,-2.0
2024-09-30 00:00:00+00:00,0.6442101506283825,1.0,-1.0,2.0,-2.0
2024-10-01 00:00:00+00:00,0.33197800610599776,1.0,-1.0,2.0,-2.0
2024-10-02 00:00:00+00:00,-0.541471254135848,1.0,-1.0,2.0,-2.0
2024-10-03 00:00:00+00:00,1.25071324380255,1.0,-1.0,2.0,-2.0
2024-10-04 00:00:00+00:00,1.7659484229619797,1.0,-1.0,2.0,-2.0
2024-10-07 00:00:00+00:00,1.7795498198217226,1.0,-1.0,2.0,-2.0
2024-10-08 00:00:00+00:00,1.421501735972353,1.0,-1.0,2.0,-2.0
2024-10-09 00:00:00+00:00,0.7783814189829134,1.0,-1.0,2.0,-2.0
2024-10-10 00:00:00+00:00,1.430489472576424,1.0,-1.0,2.0,-2.0
2024-10-11 00:00:00+00:00,0.7293399256148069,1.0,-1.0,2.0,-2.0
2024-10-14 00:00:00+00:00,-1.3780321765482872,1.0,-1.0,2.0,-2.0
2024-10-15 00:00:00+00:00,-1.8096242845965593,1.0,-1.0,2.0,-2.0
2024-10-16 00:00:00+00:00,-1.363479727557654,1.0,-1.0,2.0,-2.0
2024-10-17 00:00:00+00:00,0.2706456271716141,1.0,-1.0,2.0,-2.0
2024-10-18 00:00:00+00:00,-0.13876003586807287,1.0,-1.0,2.0,-2.0
2024-10-21 00:00:00+00:00,-1.1751265683224827,1.0,-1.0,2.0,-2.0
2024-10-22 00:00:00+00:00,0.5400870753155926,1.0,-1.0,2.0,-2.0
2024-10-23 00:00:00+00:00,0.7736784755335016,1.0,-1.0,2.0,-2.0
2024-10-24 00:00:00+00:00,-0.15891723267372954,1.0,-1.0,2.0,-2.0
2024-10-25 00:00:00+00:00,-1.2089198412424549,1.0,-1.0,2.0,-2.0
2024-10-28 00:00:00+00:00,-0.7650148121032218,1.0,-1.0,2.0,-2.0
2024-10-29 00:00:00+00:00,-1.7014491772542066,1.0,-1.0,2.0,-2.0
2024-10-30 00:00:00+00:00,-1.8384290613644168,1.0,-1.0,2.0,-2.0
2024-10-31 00:00:00+00:00,-1.606124957144886,1.0,-1.0,2.0,-2.0
2024-11-01 00:00:00+00:00,-1.3356609076962003,1.0,-1.0,2.0,-2.0
2024-11-04 00:00:00+00:00,-1.2706647394354667,1.0,-1.0,2.0,-2.0
2024-11-05 00:00:00+00:00,-1.4676537409264137,1.0,-1.0,2.0,-2.0
2024-11-06 00:00:00+00:00,-0.7386705506876488,1.0,-1.0,2.0,-2.0
2024-11-07 00:00:00+00:00,-0.9119799188206958,1.0,-1.0,2.0,-2.0
2024-11-08 00:00:00+00:00,0.2981957844830693,1.0,-1.0,2.0,-2.0
2024-11-11 00:00:00+00:00,0.29061055137360814,1.0,-1.0,2.0,-2.0
2024-11-12 00:00:00+00:00,0.911347508873408,1.0,-1.0,2.0,-2.0
2024-11-13 00:00:00+00:00,1.3176359766235652,1.0,-1.0,2.0,-2.0
2024-11-14 00:00:00+00:00,1.9192326993841304,1.0,-1.0,2.0,-2.0
2024-11-15 00:00:00+00:00,1.944760383100246,1.0,-1.0,2.0,-2.0
2024-11-18 00:00:00+00:00,1.1116389583013908,1.0,-1.0,2.0,-2.0
2024-11-19 00:00:00+00:00,1.141101518733679,1.0,-1.0,2.0,-2.0
2024-11-20 00:00:00+00:00,0.5517872731039462,1.0,-1.0,2.0,-2.0
2024-11-21 00:00:00+00:00,0.08538633656517208,1.0,-1.0,2.0,-2.0
2024-11-22 00:00:00+00:00,0.17630611044650818,1.0,-1.0,2.0,-2.0
2024-11-25 00:00:00+00:00,-0.038570042851340955,1.0,-1.0,2.0,-2.0
2024-11-26 00:00:00+00:00,0.608286399465005,1.0,-1.0,2.0,-2.0
2024-11-27 00:00:00+00:00,0.4822408144941941,1.0,-1.0,2.0,-2.0
2024-11-29 00:00:00+00:00,1.1168514553809235,1.0,-1.0,2.0,-2.0
2024-12-02 00:00:00+00:00,0.34783470951539575,1.0,-1.0,2.0,-2.0
2024-12-03 00:00:00+00:00,-0.3492478665476302,1.0,-1.0,2.0,-2.0
2024-12-04 00:00:00+00:00,-0.500546085669168,1.0,-1.0,2.0,-2.0
2024-12-05 00:00:00+00:00,-1.5115722547588661,1.0,-1.0,2.0,-2.0
2024-12-06 00:00:00+00:00,-1.8716840076058787,1.0,-1.0,2.0,-2.0
2024-12-09 00:00:00+00:00,-1.8642188585289017,1.0,-1.0,2.0,-2.0
2024-12-10 00:00:00+00:00,-0.6522983768848739,1.0,-1.0,2.0,-2.0
2024-12-11 00:00:00+00:00,-0.3446492987001308,1.0,-1.0,2.0,-2.0
2024-12-12 00:00:00+00:00,0.04019166009802315,1.0,-1.0,2.0,-2.0
2024-12-13 00:00:00+00:00,0.37425229553346195,1.0,-1.0,2.0,-2.0
2024-12-16 00:00:00+00:00,-0.6628798985575076,1.0,-1.0,2.0,-2.0
2024-12-17 00:00:00+00:00,-0.5830423668037541,1.0,-1.0,2.0,-2.0
2024-12-18 00:00:00+00:00,-0.24337481563586394,1.0,-1.0,2.0,-2.0
2024-12-19 00:00:00+00:00,-0.06761383582498723,1.0,-1.0,2.0,-2.0
2024-12-20 00:00:00+00:00,-1.661368537413972,1.0,-1.0,2.0,-2.0
2024-12-23 00:00:00+00:00,-1.1741391324914754,1.0,-1.0,2.0,-2.0
2024-12-24 00:00:00+00:00,-0.6039464469716423,1.0,-1.0,2.0,-2.0
2024-12-25 00:00:00+00:00,-0.7638860799497822,1.0,-1.0,2.0,-2.0
2024-12-26 00:00:00+00:00,-0.7823641744431479,1.0,-1.0,2.0,-2.0
2024-12-27 00:00:00+00:00,0.28194592176171884,1.0,-1.0,2.0,-2.0
2024-12-30 00:00:00+00:00,0.24184997165765834,1.0,-1.0,2.0,-2.0
2024-12-31 00:00:00+00:00,4.842490187193758,1.0,-1.0,2.0,-2.0
2025-01-01 00:00:00+00:00,3.510631963549815,1.0,-1.0,2.0,-2.0
2025-01-02 00:00:00+00:00,0.5410408443397949,1.0,-1.0,2.0,-2.0
2025-01-03 00:00:00+00:00,0.6917998379741489,1.0,-1.0,2.0,-2.0
2025-01-06 00:00:00+00:00,0.5303716958158,1.0,-1.0,2.0,-2.0
2025-01-07 00:00:00+00:00,-2.7374296649576086,1.0,-1.0,2.0,-2.0
2025-01-08 00:00:00+00:00,-2.2521891778384706,1.0,-1.0,2.0,-2.0
2025-01-09 00:00:00+00:00,0.08626134549119507,1.0,-1.0,2.0,-2.0
2025-01-10 00:00:00+00:00,2.0405890727365055,1.0,-1.0,2.0,-2.0
2025-01-13 00:00:00+00:00,0.38105546055593287,1.0,-1.0,2.0,-2.0
2025-01-14 00:00:00+00:00,0.3672951634601702,1.0,-1.0,2.0,-2.0
2025-01-15 00:00:00+00:00,0.3588446058293187,1.0,-1.0,2.0,-2.0
2025-01-16 00:00:00+00:00,0.2962603374460118,1.0,-1.0,2.0,-2.0
2025-01-17 00:00:00+00:00,-1.6181806986115175,1.0,-1.0,2.0,-2.0
2025-01-21 00:00:00+00:00,1.0513550998167558,1.0,-1.0,2.0,-2.0
2025-01-22 00:00:00+00:00,-0.20410712654076166,1.0,-1.0,2.0,-2.0
2025-01-23 00:00:00+00:00,-0.12875160530433785,1.0,-1.0,2.0,-2.0
2025-01-24 00:00:00+00:00,-0.16519073888103727,1.0,-1.0,2.0,-2.0
2025-01-27 00:00:00+00:00,-0.16148066595000055,1.0,-1.0,2.0,-2.0
2025-01-28 00:00:00+00:00,-1.1449038591075753,1.0,-1.0,2.0,-2.0
2025-01-29 00:00:00+00:00,0.07311839196240465,1.0,-1.0,2.0,-2.0
2025-01-30 00:00:00+00:00,-0.2281868579315464,1.0,-1.0,2.0,-2.0
2025-01-31 00:00:00+00:00,-0.22447831104868046,1.0,-1.0,2.0,-2.0
2025-02-03 00:00:00+00:00,0.64255569330417,1.0,-1.0,2.0,-2.0
2025-02-04 00:00:00+00:00,0.672004940079309,1.0,-1.0,2.0,-2.0
2025-02-05 00:00:00+00:00,0.6852695665157751,1.0,-1.0,2.0,-2.0
2025-02-06 00:00:00+00:00,0.8111414970699963,1.0,-1.0,2.0,-2.0
2025-02-07 00:00:00+00:00,0.7468718547547165,1.0,-1.0,2.0,-2.0
2025-02-10 00:00:00+00:00,-0.14157425905802248,1.0,-1.0,2.0,-2.0
2025-02-11 00:00:00+00:00,-0.26479483570748513,1.0,-1.0,2.0,-2.0
2025-02-12 00:00:00+00:00,-1.0525924284976327,1.0,-1.0,2.0,-2.0
2025-02-13 00:00:00+00:00,-0.21732704576198658,1.0,-1.0,2.0,-2.0
2025-02-14 00:00:00+00:00,-0.17851596842051864,1.0,-1.0,2.0,-2.0
2025-02-18 00:00:00+00:00,-1.4219265451338652,1.0,-1.0,2.0,-2.0
2025-02-19 00:00:00+00:00,-0.39074495508218726,1.0,-1.0,2.0,-2.0
2025-02-20 00:00:00+00:00,-0.01815828200375694,1.0,-1.0,2.0,-2.0
2025-02-21 00:00:00+00:00,-2.288831307492349,1.0,-1.0,2.0,-2.0
2025-02-24 00:00:00+00:00,-1.7993121840024582,1.0,-1.0,2.0,-2.0
2025-02-25 00:00:00+00:00,0.38537907779916764,1.0,-1.0,2.0,-2.0
2025-02-26 00:00:00+00:00,0.23683113829121144,1.0,-1.0,2.0,-2.0
2025-02-27 00:00:00+00:00,0.38206287164203817,1.0,-1.0,2.0,-2.0
2025-02-28 00:00:00+00:00,1.374531415560429,1.0,-1.0,2.0,-2.0
2025-03-03 00:00:00+00:00,1.0269138742580435,1.0,-1.0,2.0,-2.0
2025-03-04 00:00:00+00:00,0.24200886960224166,1.0,-1.0,2.0,-2.0
2025-03-05 00:00:00+00:00,0.19845039493886713,1.0,-1.0,2.0,-2.0
2025-03-06 00:00:00+00:00,0.04556095990919194,1.0,-1.0,2.0,-2.0
2025-03-07 00:00:00+00:00,0.018713325181664606,1.0,-1.0,2.0,-2.0
2025-03-10 00:00:00+00:00,0.5078857949421604,1.0,-1.0,2.0,-2.0
2025-03-11 00:00:00+00:00,0.3452392698195854,1.0,-1.0,2.0,-2.0
2025-03-12 00:00:00+00:00,-0.9845584432160123,1.0,-1.0,2.0,-2.0
2025-03-13 00:00:00+00:00,-0.559402631413048,1.0,-1.0,2.0,-2.0
2025-03-14 00:00:00+00:00,-0.21460755551262964,1.0,-1.0,2.0,-2.0
2025-03-17 00:00:00+00:00,-0.7598183771840273,1.0,-1.0,2.0,-2.0
2025-03-18 00:00:00+00:00,-0.3267799757794974,1.0,-1.0,2.0,-2.0
2025-03-19 00:00:00+00:00,0.11166248464741227,1.0,-1.0,2.0,-2.0
2025-03-20 00:00:00+00:00,-0.12403078791387966,1.0,-1.0,2.0,-2.0
2025-03-21 00:00:00+00:00,0.03985971905808927,1.0,-1.0,2.0,-2.0
2025-03-24 00:00:00+00:00,0.10439996559893476,1.0,-1.0,2.0,-2.0
2025-03-25 00:00:00+00:00,-0.16995617112091507,1.0,-1.0,2.0,-2.0
2025-03-26 00:00:00+00:00,-0.44074898872122803,1.0,-1.0,2.0,-2.0
2025-03-27 00:00:00+00:00,0.48922827968606547,1.0,-1.0,2.0,-2.0
2025-03-28 00:00:00+00:00,-0.04922605072078924,1.0,-1.0,2.0,-2.0
2025-03-31 00:00:00+00:00,-0.4505191729504624,1.0,-1.0,2.0,-2.0
2025-04-01 00:00:00+00:00,-0.12966634760862727,1.0,-1.0,2.0,-2.0
2025-04-02 00:00:00+00:00,-0.6658058898316768,1.0,-1.0,2.0,-2.0
2025-04-03 00:00:00+00:00,-1.1057034482436303,1.0,-1.0,2.0,-2.0
2025-04-04 00:00:00+00:00,-1.2731810354119477,1.0,-1.0,2.0,-2.0
2025-04-07 00:00:00+00:00,-0.2463158158648737,1.0,-1.0,2.0,-2.0
2025-04-08 00:00:00+00:00,-1.0338961304430498,1.0,-1.0,2.0,-2.0
2025-04-09 00:00:00+00:00,0.13130812997209576,1.0,-1.0,2.0,-2.0
2025-04-10 00:00:00+00:00,1.01646766264197,1.0,-1.0,2.0,-2.0
2025-04-11 00:00:00+00:00,1.1358179583641987,1.0,-1.0,2.0,-2.0
2025-04-14 00:00:00+00:00,1.2091481010706715,1.0,-1.0,2.0,-2.0
2025-04-15 00:00:00+00:00,1.721301555446959,1.0,-1.0,2.0,-2.0
2025-04-16 00:00:00+00:00,0.7833923709721801,1.0,-1.0,2.0,-2.0
2025-04-17 00:00:00+00:00,-0.1367102771622645,1.0,-1.0,2.0,-2.0
2025-04-21 00:00:00+00:00,0.39323670795242716,1.0,-1.0,2.0,-2.0
2025-04-22 00:00:00+00:00,-0.29245451821312507,1.0,-1.0,2.0,-2.0
2025-04-23 00:00:00+00:00,-1.2590857884197324,1.0,-1.0,2.0,-2.0
2025-04-24 00:00:00+00:00,-0.08470985221920804,1.0,-1.0,2.0,-2.0
2025-04-25 00:00:00+00:00,-1.549181720418806,1.0,-1.0,2.0,-2.0
2025-04-28 00:00:00+00:00,1.4618444868983689,1.0,-1.0,2.0,-2.0
2025-04-29 00:00:00+00:00,1.500222093850734,1.0,-1.0,2.0,-2.0
2025-04-30 00:00:00+00:00,1.9123813452627882,1.0,-1.0,2.0,-2.0
2025-05-01 00:00:00+00:00,1.6017873292276636,1.0,-1.0,2.0,-2.0
2025-05-02 00:00:00+00:00,2.6631969506053337,1.0,-1.0,2.0,-2.0
2025-05-05 00:00:00+00:00,0.2677373910789451,1.0,-1.0,2.0,-2.0
2025-05-06 00:00:00+00:00,-0.36643720461995755,1.0,-1.0,2.0,-2.0
2025-05-07 00:00:00+00:00,-0.33073195287878354,1.0,-1.0,2.0,-2.0
2025-05-08 00:00:00+00:00,0.002724642530971793,1.0,-1.0,2.0,-2.0
2025-05-09 00:00:00+00:00,0.01777505008031532,1.0,-1.0,2.0,-2.0
2025-05-12 00:00:00+00:00,-0.4664066370768827,1.0,-1.0,2.0,-2.0
2025-05-13 00:00:00+00:00,0.035905914820672666,1.0,-1.0,2.0,-2.0
2025-05-14 00:00:00+00:00,-1.790613016265854,1.0,-1.0,2.0,-2.0
2025-05-15 00:00:00+00:00,-1.9801833241764866,1.0,-1.0,2.0,-2.0
2025-05-16 00:00:00+00:00,-2.077770069924984,1.0,-1.0,2.0,-2.0
2025-05-19 00:00:00+00:00,-1.5816548517139577,1.0,-1.0,2.0,-2.0
2025-05-20 00:00:00+00:00,-1.7615019524800135,1.0,-1.0,2.0,-2.0
2025-05-21 00:00:00+00:00,-0.02522648739221111,1.0,-1.0,2.0,-2.0
2025-05-22 00:00:00+00:00,0.10750182387116868,1.0,-1.0,2.0,-2.0
2025-05-23 00:00:00+00:00,0.862476491125971,1.0,-1.0,2.0,-2.0
2025-05-26 00:00:00+00:00,0.91837164776253,1.0,-1.0,2.0,-2.0
2025-05-27 00:00:00+00:00,1.292916706604266,1.0,-1.0,2.0,-2.0
2025-05-28 00:00:00+00:00,0.7938554006890041,1.0,-1.0,2.0,-2.0
2025-05-29 00:00:00+00:00,0.8064840296342872,1.0,-1.0,2.0,-2.0
2025-05-30 00:00:00+00:00,-0.028776442331779423,1.0,-1.0,2.0,-2.0
2025-06-02 00:00:00+00:00,-0.02239209960782932,1.0,-1.0,2.0,-2.0
2025-06-03 00:00:00+00:00,-1.3754941755029444,1.0,-1.0,2.0,-2.0
2025-06-04 00:00:00+00:00,-0.9923570756088271,1.0,-1.0,2.0,-2.0
2025-06-05 00:00:00+00:00,-1.2269996347871333,1.0,-1.0,2.0,-2.0
2025-06-06 00:00:00+00:00,-1.2825849801562184,1.0,-1.0,2.0,-2.0
2025-06-09 00:00:00+00:00,-1.4310476001975225,1.0,-1.0,2.0,-2.0
2025-06-10 00:00:00+00:00,-0.16300515521992626,1.0,-1.0,2.0,-2.0
2025-06-11 00:00:00+00:00,0.928504599033204,1.0,-1.0,2.0,-2.0
2025-06-12 00:00:00+00:00,0.8595827791213032,1.0,-1.0,2.0,-2.0
2025-06-13 00:00:00+00:00,0.7013162029798672,1.0,-1.0,2.0,-2.0
2025-06-16 00:00:00+00:00,1.7470611177941475,1.0,-1.0,2.0,-2.0
2025-06-17 00:00:00+00:00,0.594685608244337,1.0,-1.0,2.0,-2.0
2025-06-18 00:00:00+00:00,0.5591697893691804,1.0,-1.0,2.0,-2.0
2025-06-19 00:00:00+00:00,0.15737789507292207,1.0,-1.0,2.0,-2.0
2025-06-20 00:00:00+00:00,-0.5078725320550986,1.0,-1.0,2.0,-2.0
2025-06-23 00:00:00+00:00,-1.7685098248796047,1.0,-1.0,2.0,-2.0
2025-06-24 00:00:00+00:00,-1.1251206372821179,1.0,-1.0,2.0,-2.0
2025-06-25 00:00:00+00:00,-0.7071394714517404,1.0,-1.0,2.0,-2.0
2025-06-26 00:00:00+00:00,0.5803186706027573,1.0,-1.0,2.0,-2.0
2025-06-27 00:00:00+00:00,0.7163050880225904,1.0,-1.0,2.0,-2.0
2025-06-30 00:00:00+00:00,0.6612046966362367,1.0,-1.0,2.0,-2.0
2025-07-01 00:00:00+00:00,1.1617379379602488,1.0,-1.0,2.0,-2.0
2025-07-02 00:00:00+00:00,0.8787448511192589,1.0,-1.0,2.0,-2.0
2025-07-03 00:00:00+00:00,-0.04624972900627678,1.0,-1.0,2.0,-2.0
2025-07-07 00:00:00+00:00,-0.12463539056989577,1.0,-1.0,2.0,-2.0
2025-07-08 00:00:00+00:00,-1.5724907862134094,1.0,-1.0,2.0,-2.0
2025-07-09 00:00:00+00:00,-1.47162708404994,1.0,-1.0,2.0,-2.0
2025-07-10 00:00:00+00:00,1.550256979760615,1.0,-1.0,2.0,-2.0
2025-07-11 00:00:00+00:00,-0.49647957618503696,1.0,-1.0,2.0,-2.0
2025-07-14 00:00:00+00:00,0.23904572186686965,1.0,-1.0,2.0,-2.0
2025-07-15 00:00:00+00:00,-0.4045389139285487,1.0,-1.0,2.0,-2.0
2025-07-16 00:00:00+00:00,1.403292830891217,1.0,-1.0,2.0,-2.0
2025-07-17 00:00:00+00:00,-0.27268357793717335,1.0,-1.0,2.0,-2.0
2025-07-18 00:00:00+00:00,-0.4388150772354436,1.0,-1.0,2.0,-2.0
2025-07-21 00:00:00+00:00,-0.8354384064144784,1.0,-1.0,2.0,-2.0
2025-07-22 00:00:00+00:00,0.2090199042874806,1.0,-1.0,2.0,-2.0
2025-07-23 00:00:00+00:00,-0.8105746418436033,1.0,-1.0,2.0,-2.0
2025-07-24 00:00:00+00:00,-0.36125050934484254,1.0,-1.0,2.0,-2.0
2025-07-25 00:00:00+00:00,0.7241648401565665,1.0,-1.0,2.0,-2.0
2025-07-28 00:00:00+00:00,0.3309112606778691,1.0,-1.0,2.0,-2.0
2025-07-29 00:00:00+00:00,-1.0450097868178942,1.0,-1.0,2.0,-2.0
2025-07-30 00:00:00+00:00,-1.268349406809972,1.0,-1.0,2.0,-2.0
2025-07-31 00:00:00+00:00,1.21656735682598,1.0,-1.0,2.0,-2.0
2025-08-01 00:00:00+00:00,0.887560713637804,1.0,-1.0,2.0,-2.0
2025-08-04 00:00:00+00:00,0.6415415518116817,1.0,-1.0,2.0,-2.0
2025-08-05 00:00:00+00:00,0.9955914553877012,1.0,-1.0,2.0,-2.0
2025-08-06 00:00:00+00:00,-0.2703635454355332,1.0,-1.0,2.0,-2.0
2025-08-07 00:00:00+00:00,-1.660659189816933,1.0,-1.0,2.0,-2.0
2025-08-08 00:00:00+00:00,-1.1182618324521818,1.0,-1.0,2.0,-2.0
2025-08-11 00:00:00+00:00,-0.3873559126088051,1.0,-1.0,2.0,-2.0
2025-08-12 00:00:00+00:00,-1.160734848801176,1.0,-1.0,2.0,-2.0
2025-08-13 00:00:00+00:00,0.8645491631332133,1.0,-1.0,2.0,-2.0
2025-08-14 00:00:00+00:00,1.36401996272616,1.0,-1.0,2.0,-2.0
2025-08-15 00:00:00+00:00,1.1675647935638322,1.0,-1.0,2.0,-2.0
2025-08-18 00:00:00+00:00,-0.31313535966964223,1.0,-1.0,2.0,-2.0
2025-08-19 00:00:00+00:00,-0.7053098106037973,1.0,-1.0,2.0,-2.0
2025-08-20 00:00:00+00:00,-1.3838859631308793,1.0,-1.0,2.0,-2.0
2025-08-21 00:00:00+00:00,-0.22056438662813718,1.0,-1.0,2.0,-2.0
2025-08-22 00:00:00+00:00,1.216627400787151,1.0,-1.0,2.0,-2.0
2025-08-25 00:00:00+00:00,-0.9052369440729967,1.0,-1.0,2.0,-2.0
2025-08-26 00:00:00+00:00,-1.0737509843862931,1.0,-1.0,2.0,-2.0
2025-08-27 00:00:00+00:00,0.9024731748507923,1.0,-1.0,2.0,-2.0
2025-08-28 00:00:00+00:00,-0.8929607823774749,1.0,-1.0,2.0,-2.0
2025-08-29 00:00:00+00:00,1.0348757132793536,1.0,-1.0,2.0,-2.0
2025-09-01 00:00:00+00:00,1.537616309960933,1.0,-1.0,2.0,-2.0
2025-09-02 00:00:00+00:00,0.9145601134874605,1.0,-1.0,2.0,-2.0
2025-09-03 00:00:00+00:00,0.43151777583171685,1.0,-1.0,2.0,-2.0
2025-09-04 00:00:00+00:00,0.31161337760579794,1.0,-1.0,2.0,-2.0
2025-09-05 00:00:00+00:00,-1.7395343886181844,1.0,-1.0,2.0,-2.0
2025-09-08 00:00:00+00:00,-1.242628204611041,1.0,-1.0,2.0,-2.0
2025-09-09 00:00:00+00:00,-0.14779690056271258,1.0,-1.0,2.0,-2.0
2025-09-10 00:00:00+00:00,-0.07651212148145138,1.0,-1.0,2.0,-2.0
2025-09-11 00:00:00+00:00,-0.7194305666738148,1.0,-1.0,2.0,-2.0
2025-09-12 00:00:00+00:00,-0.4551859450865106,1.0,-1.0,2.0,-2.0
2025-09-15 00:00:00+00:00,1.2367736003599799,1.0,-1.0,2.0,-2.0
2025-09-16 00:00:00+00:00,0.7384854939281036,1.0,-1.0,2.0,-2.0
2025-09-17 00:00:00+00:00,0.794892310882897,1.0,-1.0,2.0,-2.0
2025-09-18 00:00:00+00:00,1.0034972650234726,1.0,-1.0,2.0,-2.0
2025-09-19 00:00:00+00:00,1.1224729413606591,1.0,-1.0,2.0,-2.0
2025-09-22 00:00:00+00:00,-1.3682725647035883,1.0,-1.0,2.0,-2.0
2025-09-23 00:00:00+00:00,-0.7911548052851998,1.0,-1.0,2.0,-2.0
2025-09-24 00:00:00+00:00,-1.1936858233005785,1.0,-1.0,2.0,-2.0
2025-09-25 00:00:00+00:00,-0.5222329678670747,1.0,-1.0,2.0,-2.0
2025-09-26 00:00:00+00:00,0.9056241156017172,1.0,-1.0,2.0,-2.0
2025-09-29 00:00:00+00:00,1.3370223879872358,1.0,-1.0,2.0,-2.0
2025-09-30 00:00:00+00:00,1.0237975037028837,1.0,-1.0,2.0,-2.0
2025-10-01 00:00:00+00:00,0.18364001033483124,1.0,-1.0,2.0,-2.0
2025-10-02 00:00:00+00:00,1.2475076367073288,1.0,-1.0,2.0,-2.0
2025-10-03 00:00:00+00:00,-0.589767824619335,1.0,-1.0,2.0,-2.0
2025-10-06 00:00:00+00:00,-1.4253932901993749,1.0,-1.0,2.0,-2.0
2025-10-07 00:00:00+00:00,-0.03733266964732138,1.0,-1.0,2.0,-2.0
2025-10-08 00:00:00+00:00,0.5053460129790228,1.0,-1.0,2.0,-2.0
2025-10-09 00:00:00+00:00,-0.7990141709130646,1.0,-1.0,2.0,-2.0
2025-10-10 00:00:00+00:00,-0.5326761139420438,1.0,-1.0,2.0,-2.0
2025-10-13 00:00:00+00:00,0.31298431857427733,1.0,-1.0,2.0,-2.0
2025-10-14 00:00:00+00:00,-1.5710053421014643,1.0,-1.0,2.0,-2.0
2025-10-15 00:00:00+00:00,-0.40457432865811394,1.0,-1.0,2.0,-2.0
2025-10-16 00:00:00+00:00,-0.7023972411450727,1.0,-1.0,2.0,-2.0
2025-10-17 00:00:00+00:00,-0.4522670168665977,1.0,-1.0,2.0,-2.0
2025-10-20 00:00:00+00:00,-1.3363062095616873,1.0,-1.0,2.0,-2.0
2025-10-21 00:00:00+00:00,1.6274669424133679,1.0,-1.0,2.0,-2.0
2025-10-22 00:00:00+00:00,0.6320798530387857,1.0,-1.0,2.0,-2.0
2025-10-23 00:00:00+00:00,-0.37478223729904914,1.0,-1.0,2.0,-2.0
2025-10-24 00:00:00+00:00,-0.7140116027827819,1.0,-1.0,2.0,-2.0
2025-10-27 00:00:00+00:00,-0.4240073945186636,1.0,-1.0,2.0,-2.0
2025-10-28 00:00:00+00:00,-1.3671718540492097,1.0,-1.0,2.0,-2.0
2025-10-29 00:00:00+00:00,-0.8271027384364725,1.0,-1.0,2.0,-2.0
2025-10-30 00:00:00+00:00,0.9730124597110619,1.0,-1.0,2.0,-2.0
2025-10-31 00:00:00+00:00,1.0879368351962486,1.0,-1.0,2.0,-2.0
2025-11-03 00:00:00+00:00,0.5153385008824335,1.0,-1.0,2.0,-2.0
2025-11-04 00:00:00+00:00,0.9733285267844574,1.0,-1.0,2.0,-2.0
2025-11-05 00:00:00+00:00,-1.229837387624439,1.0,-1.0,2.0,-2.0
2025-11-06 00:00:00+00:00,-1.170048753046833,1.0,-1.0,2.0,-2.0
2025-11-07 00:00:00+00:00,-1.123902973897853,1.0,-1.0,2.0,-2.0
2025-11-10 00:00:00+00:00,0.22800342007691443,1.0,-1.0,2.0,-2.0
2025-11-11 00:00:00+00:00,-0.9733285267841145,1.0,-1.0,2.0,-2.0
2025-11-12 00:00:00+00:00,1.0264787073215857,1.0,-1.0,2.0,-2.0
2025-11-13 00:00:00+00:00,1.616259215928282,1.0,-1.0,2.0,-2.0
2025-11-14 00:00:00+00:00,-0.1653011741590584,1.0,-1.0,2.0,-2.0
2025-11-17 00:00:00+00:00,0.2734343708098417,1.0,-1.0,2.0,-2.0
2025-11-18 00:00:00+00:00,0.26087459737493307,1.0,-1.0,2.0,-2.0
2025-11-19 00:00:00+00:00,1.776248181484814,1.0,-1.0,2.0,-2.0
2025-11-20 00:00:00+00:00,0.9731246020054791,1.0,-1.0,2.0,-2.0
2025-11-21 00:00:00+00:00,0.7348347018489593,1.0,-1.0,2.0,-2.0
2025-11-24 00:00:00+00:00,0.32763169416585647,1.0,-1.0,2.0,-2.0
2025-11-25 00:00:00+00:00,-1.7735774973729335,1.0,-1.0,2.0,-2.0
2025-11-26 00:00:00+00:00,-1.600906540506081,1.0,-1.0,2.0,-2.0
2025-11-27 00:00:00+00:00,-1.0156380192340881,1.0,-1.0,2.0,-2.0
2025-11-28 00:00:00+00:00,-0.5702751647704977,1.0,-1.0,2.0,-2.0
2025-12-01 00:00:00+00:00,-0.12081025025966284,1.0,-1.0,2.0,-2.0
2025-12-02 00:00:00+00:00,1.7468456800213235,1.0,-1.0,2.0,-2.0
2025-12-03 00:00:00+00:00,1.103935903127126,1.0,-1.0,2.0,-2.0
2025-12-04 00:00:00+00:00,0.8592149290096331,1.0,-1.0,2.0,-2.0
2025-12-05 00:00:00+00:00,0.08393624223640432,1.0,-1.0,2.0,-2.0
2025-12-08 00:00:00+00:00,-0.12323492512341852,1.0,-1.0,2.0,-2.0
2025-12-09 00:00:00+00:00,-0.43612686851280513,1.0,-1.0,2.0,-2.0
2025-12-10 00:00:00+00:00,-0.37497275285394915,1.0,-1.0,2.0,-2.0
2025-12-11 00:00:00+00:00,-0.49621548520047704,1.0,-1.0,2.0,-2.0
2025-12-12 00:00:00+00:00,0.13297204960481218,1.0,-1.0,2.0,-2.0
2025-12-15 00:00:00+00:00,0.33690056645135635,1.0,-1.0,2.0,-2.0
2025-12-16 00:00:00+00:00,0.20341254448745713,1.0,-1.0,2.0,-2.0
2025-12-17 00:00:00+00:00,0.20272604247630993,1.0,-1.0,2.0,-2.0
2025-12-18 00:00:00+00:00,1.7665857009854404,1.0,-1.0,2.0,-2.0
2025-12-19 00:00:00+00:00,1.7666442179185493,1.0,-1.0,2.0,-2.0
2025-12-22 00:00:00+00:00,1.567913982236575,1.0,-1.0,2.0,-2.0
2025-12-23 00:00:00+00:00,1.6846137073403098,1.0,-1.0,2.0,-2.0
2025-12-24 00:00:00+00:00,-0.13275504586019052,1.0,-1.0,2.0,-2.0
2025-12-26 00:00:00+00:00,-0.13333357752196512,1.0,-1.0,2.0,-2.0
2025-12-29 00:00:00+00:00,-0.15544821609270174,1.0,-1.0,2.0,-2.0
2025-12-30 00:00:00+00:00,-0.2014267893855526,1.0,-1.0,2.0,-2.0
2025-12-31 00:00:00+00:00,-0.20025047019343167,1.0,-1.0,2.0,-2.0
2026-01-02 00:00:00+00:00,-0.20323971430510407,1.0,-1.0,2.0,-2.0
2026-01-05 00:00:00+00:00,0.12508617719051893,1.0,-1.0,2.0,-2.0
2026-01-06 00:00:00+00:00,0.46782382555775265,1.0,-1.0,2.0,-2.0
2026-01-07 00:00:00+00:00,0.44554095861872745,1.0,-1.0,2.0,-2.0
2026-01-08 00:00:00+00:00,0.8616297527996934,1.0,-1.0,2.0,-2.0
2026-01-09 00:00:00+00:00,0.5020932964648172,1.0,-1.0,2.0,-2.0
2026-01-12 00:00:00+00:00,0.2917191535668837,1.0,-1.0,2.0,-2.0
2026-01-13 00:00:00+00:00,0.27415259988438606,1.0,-1.0,2.0,-2.0
2026-01-14 00:00:00+00:00,-0.5049383207458156,1.0,-1.0,2.0,-2.0
2026-01-15 00:00:00+00:00,-1.1149210731218266,1.0,-1.0,2.0,-2.0
2026-01-16 00:00:00+00:00,-1.2747826557755255,1.0,-1.0,2.0,-2.0
2026-01-19 00:00:00+00:00,-1.2314004449873217,1.0,-1.0,2.0,-2.0
2026-01-20 00:00:00+00:00,-0.5063240498242406,1.0,-1.0,2.0,-2.0
2026-01-21 00:00:00+00:00,-0.009915068740933173,1.0,-1.0,2.0,-2.0
2026-01-22 00:00:00+00:00,0.06257929389536265,1.0,-1.0,2.0,-2.0
2026-01-23 00:00:00+00:00,-0.2479561293605394,1.0,-1.0,2.0,-2.0
2026-01-26 00:00:00+00:00,-0.5913062378167796,1.0,-1.0,2.0,-2.0
2026-01-27 00:00:00+00:00,-0.500713776237767,1.0,-1.0,2.0,-2.0
2026-01-28 00:00:00+00:00,-0.4875069386571737,1.0,-1.0,2.0,-2.0
2026-01-29 00:00:00+00:00,-0.18129541700263963,1.0,-1.0,2.0,-2.0
2026-01-30 00:00:00+00:00,-0.27251777675405053,1.0,-1.0,2.0,-2.0
2026-02-02 00:00:00+00:00,-1.239039917262171,1.0,-1.0,2.0,-2.0
2026-02-03 00:00:00+00:00,-1.1888847869431929,1.0,-1.0,2.0,-2.0
2026-02-04 00:00:00+00:00,-1.296584180840763,1.0,-1.0,2.0,-2.0
2026-02-05 00:00:00+00:00,-1.2915238832801466,1.0,-1.0,2.0,-2.0
2026-02-06 00:00:00+00:00,-0.4041612362906344,1.0,-1.0,2.0,-2.0
2026-02-09 00:00:00+00:00,-0.6560286784289947,1.0,-1.0,2.0,-2.0
2026-02-10 00:00:00+00:00,-1.3050684539122546,1.0,-1.0,2.0,-2.0
2026-02-11 00:00:00+00:00,-0.14465614605498664,1.0,-1.0,2.0,-2.0
2026-02-12 00:00:00+00:00,0.03862955397108794,1.0,-1.0,2.0,-2.0
2026-02-13 00:00:00+00:00,-0.0780204066708032,1.0,-1.0,2.0,-2.0
2026-02-16 00:00:00+00:00,0.8422166579702897,1.0,-1.0,2.0,-2.0
2026-02-17 00:00:00+00:00,-0.3894010600211195,1.0,-1.0,2.0,-2.0
2026-02-18 00:00:00+00:00,-0.5634510265526863,1.0,-1.0,2.0,-2.0
2026-02-19 00:00:00+00:00,-0.0410495611900002,1.0,-1.0,2.0,-2.0
2026-02-20 00:00:00+00:00,-0.03351743858134301,1.0,-1.0,2.0,-2.0
2026-02-23 00:00:00+00:00,-0.025973520506744265,1.0,-1.0,2.0,-2.0
2026-02-24 00:00:00+00:00,0.23376168456069854,1.0,-1.0,2.0,-2.0
2026-02-25 00:00:00+00:00,0.14718328287155094,1.0,-1.0,2.0,-2.0
2026-02-26 00:00:00+00:00,0.18935488647756568,1.0,-1.0,2.0,-2.0
2026-02-27 00:00:00+00:00,-0.14931797068064526,1.0,-1.0,2.0,-2.0
2026-03-02 00:00:00+00:00,-0.5079069764066261,1.0,-1.0,2.0,-2.0
2026-03-03 00:00:00+00:00,0.5769410433516495,1.0,-1.0,2.0,-2.0
2026-03-04 00:00:00+00:00,-0.14355891924236072,1.0,-1.0,2.0,-2.0
2026-03-05 00:00:00+00:00,-0.03201285342625355,1.0,-1.0,2.0,-2.0
2026-03-06 00:00:00+00:00,0.29342570054138706,1.0,-1.0,2.0,-2.0
2026-03-09 00:00:00+00:00,-0.4351210225843759,1.0,-1.0,2.0,-2.0
2026-03-10 00:00:00+00:00,-0.09653327835446356,1.0,-1.0,2.0,-2.0
2026-03-11 00:00:00+00:00,0.32753895290881224,1.0,-1.0,2.0,-2.0
2026-03-12 00:00:00+00:00,0.8380849534997226,1.0,-1.0,2.0,-2.0
2026-03-13 00:00:00+00:00,-0.10898530063825385,1.0,-1.0,2.0,-2.0
2026-03-16 00:00:00+00:00,1.6557012484508464,1.0,-1.0,2.0,-2.0
2026-03-17 00:00:00+00:00,1.3594113105261096,1.0,-1.0,2.0,-2.0
2026-03-18 00:00:00+00:00,1.0509247493116372,1.0,-1.0,2.0,-2.0
2026-03-19 00:00:00+00:00,1.6251905289404753,1.0,-1.0,2.0,-2.0
2026-03-20 00:00:00+00:00,-0.619912977182555,1.0,-1.0,2.0,-2.0
2026-03-23 00:00:00+00:00,-0.41242982100967,1.0,-1.0,2.0,-2.0
2026-03-24 00:00:00+00:00,-0.1334600612034887,1.0,-1.0,2.0,-2.0
2026-03-25 00:00:00+00:00,-0.06159806108968509,1.0,-1.0,2.0,-2.0
2026-03-26 00:00:00+00:00,1.1454454005360386,1.0,-1.0,2.0,-2.0
2026-03-27 00:00:00+00:00,1.3004130455834528,1.0,-1.0,2.0,-2.0
2026-03-30 00:00:00+00:00,1.5552899808206977,1.0,-1.0,2.0,-2.0
2026-03-31 00:00:00+00:00,1.2378307668548343,1.0,-1.0,2.0,-2.0
2026-04-01 00:00:00+00:00,0.5228920908876882,1.0,-1.0,2.0,-2.0
2026-04-02 00:00:00+00:00,0.1059562270686295,1.0,-1.0,2.0,-2.0
2026-04-03 00:00:00+00:00,-0.6707614085105141,1.0,-1.0,2.0,-2.0
2026-04-06 00:00:00+00:00,-0.6865642002931389,1.0,-1.0,2.0,-2.0
2026-04-07 00:00:00+00:00,0.7234804460873476,1.0,-1.0,2.0,-2.0
2026-04-08 00:00:00+00:00,2.2662327978865746,1.0,-1.0,2.0,-2.0
2026-04-09 00:00:00+00:00,1.8891976077079666,1.0,-1.0,2.0,-2.0
2026-04-10 00:00:00+00:00,1.766726492035848,1.0,-1.0,2.0,-2.0
2026-04-13 00:00:00+00:00,1.6018916348257055,1.0,-1.0,2.0,-2.0
2026-04-14 00:00:00+00:00,0.10017365885928867,1.0,-1.0,2.0,-2.0
2026-04-15 00:00:00+00:00,-0.40640300635814663,1.0,-1.0,2.0,-2.0
2026-04-16 00:00:00+00:00,-0.016145518331155104,1.0,-1.0,2.0,-2.0
2026-04-17 00:00:00+00:00,-0.10730190399681842,1.0,-1.0,2.0,-2.0
2026-04-20 00:00:00+00:00,-0.11781042913174966,1.0,-1.0,2.0,-2.0
2026-04-21 00:00:00+00:00,0.5944065636006449,1.0,-1.0,2.0,-2.0
2026-04-22 00:00:00+00:00,-0.6059795922793072,1.0,-1.0,2.0,-2.0
2026-04-23 00:00:00+00:00,-1.77242786052233,1.0,-1.0,2.0,-2.0
2026-04-24 00:00:00+00:00,-1.2030898018687444,1.0,-1.0,2.0,-2.0
2026-04-27 00:00:00+00:00,0.20867411368708272,1.0,-1.0,2.0,-2.0
2026-04-28 00:00:00+00:00,-0.08993288596494343,1.0,-1.0,2.0,-2.0
2026-04-29 00:00:00+00:00,-0.4941076455902084,1.0,-1.0,2.0,-2.0
2026-04-30 00:00:00+00:00,-1.1810697131657786,1.0,-1.0,2.0,-2.0
2026-05-01 00:00:00+00:00,-2.4045829200254083,1.0,-1.0,2.0,-2.0
2026-05-04 00:00:00+00:00,-0.6356099730604312,1.0,-1.0,2.0,-2.0
2026-05-05 00:00:00+00:00,-0.21891696797667212,1.0,-1.0,2.0,-2.0
2026-05-06 00:00:00+00:00,-0.4438047950930659,1.0,-1.0,2.0,-2.0
2026-05-07 00:00:00+00:00,-0.7140083049128153,1.0,-1.0,2.0,-2.0
2026-05-08 00:00:00+00:00,-1.7409833402179056,1.0,-1.0,2.0,-2.0
2026-05-11 00:00:00+00:00,-0.2808497622189862,1.0,-1.0,2.0,-2.0
2026-05-12 00:00:00+00:00,0.17383966286492614,1.0,-1.0,2.0,-2.0
2026-05-13 00:00:00+00:00,-0.24439493459523964,1.0,-1.0,2.0,-2.0
2026-05-14 00:00:00+00:00,-0.1371875732405735,1.0,-1.0,2.0,-2.0
2026-05-15 00:00:00+00:00,-0.8274436258670547,1.0,-1.0,2.0,-2.0
2026-05-18 00:00:00+00:00,-0.46381028301158206,1.0,-1.0,2.0,-2.0
2026-05-19 00:00:00+00:00,0.12849789174863796,1.0,-1.0,2.0,-2.0
2026-05-20 00:00:00+00:00,0.3365288881400303,1.0,-1.0,2.0,-2.0
2026-05-21 00:00:00+00:00,0.12409211292164131,1.0,-1.0,2.0,-2.0
2026-05-22 00:00:00+00:00,-0.23401650088510367,1.0,-1.0,2.0,-2.0
2026-05-26 00:00:00+00:00,-0.27541426682853837,1.0,-1.0,2.0,-2.0
2026-05-27 00:00:00+00:00,0.3223250573922974,1.0,-1.0,2.0,-2.0
2026-05-28 00:00:00+00:00,0.5675666240122917,1.0,-1.0,2.0,-2.0
2026-05-29 00:00:00+00:00,-0.08874367962536421,1.0,-1.0,2.0,-2.0
2026-06-01 00:00:00+00:00,1.015165241956692,1.0,-1.0,2.0,-2.0
2026-06-02 00:00:00+00:00,0.9660213166297851,1.0,-1.0,2.0,-2.0
2026-06-03 00:00:00+00:00,0.717879159762478,1.0,-1.0,2.0,-2.0
2026-06-04 00:00:00+00:00,,1.0,-1.0,2.0,-2.0
