date,equity
2021-12-17 00:00:00+00:00,300000000.0
2021-12-20 00:00:00+00:00,300000000.0
2021-12-21 00:00:00+00:00,300000000.0
2021-12-22 00:00:00+00:00,300000000.0
2021-12-23 00:00:00+00:00,300000000.0
2021-12-24 00:00:00+00:00,300000000.0
2021-12-27 00:00:00+00:00,300000000.0
2021-12-28 00:00:00+00:00,300000000.0
2021-12-29 00:00:00+00:00,300000000.0
2021-12-30 00:00:00+00:00,300000000.0
2021-12-31 00:00:00+00:00,300000000.0
2022-01-03 00:00:00+00:00,300000000.0
2022-01-04 00:00:00+00:00,300000000.0
2022-01-05 00:00:00+00:00,300000000.0
2022-01-06 00:00:00+00:00,300000000.0
2022-01-07 00:00:00+00:00,300000000.0
2022-01-10 00:00:00+00:00,305191592.0
2022-01-11 00:00:00+00:00,304264522.0
2022-01-12 00:00:00+00:00,305747834.0
2022-01-13 00:00:00+00:00,314276878.0
2022-01-14 00:00:00+00:00,307787388.0
2022-01-18 00:00:00+00:00,310240215.0
2022-01-19 00:00:00+00:00,318542091.0
2022-01-20 00:00:00+00:00,318919449.0
2022-01-21 00:00:00+00:00,322881708.0
2022-01-24 00:00:00+00:00,326466609.0
2022-01-25 00:00:00+00:00,325711893.0
2022-01-26 00:00:00+00:00,330994905.0
2022-01-27 00:00:00+00:00,329674152.0
2022-01-28 00:00:00+00:00,337787349.0
2022-01-31 00:00:00+00:00,330240189.0
2022-02-01 00:00:00+00:00,336843954.0
2022-02-02 00:00:00+00:00,342633634.75
2022-02-03 00:00:00+00:00,345351240.0
2022-02-04 00:00:00+00:00,343578888.75
2022-02-07 00:00:00+00:00,336607640.5
2022-02-08 00:00:00+00:00,338025521.5
2022-02-09 00:00:00+00:00,331172430.0
2022-02-10 00:00:00+00:00,333535565.0
2022-02-11 00:00:00+00:00,329163765.25
2022-02-14 00:00:00+00:00,326918787.0
2022-02-15 00:00:00+00:00,335307916.25
2022-02-16 00:00:00+00:00,339539887.25
2022-02-17 00:00:00+00:00,340950544.25
2022-02-18 00:00:00+00:00,342948975.0
2022-02-22 00:00:00+00:00,352588464.5
2022-02-23 00:00:00+00:00,356820435.5
2022-02-24 00:00:00+00:00,362110399.25
2022-02-25 00:00:00+00:00,345417624.75
2022-02-28 00:00:00+00:00,363285946.75
2022-03-01 00:00:00+00:00,383152699.5
2022-03-02 00:00:00+00:00,382800035.25
2022-03-03 00:00:00+00:00,388560218.0
2022-03-04 00:00:00+00:00,391028867.75
2022-03-07 00:00:00+00:00,387619780.0
2022-03-08 00:00:00+00:00,384466630.0
2022-03-09 00:00:00+00:00,396178330.0
2022-03-10 00:00:00+00:00,382514680.0
2022-03-11 00:00:00+00:00,386523255.25
2022-03-14 00:00:00+00:00,364995721.5
2022-03-15 00:00:00+00:00,382663145.75
2022-03-16 00:00:00+00:00,366034981.75
2022-03-17 00:00:00+00:00,380584625.25
2022-03-18 00:00:00+00:00,373012872.0
2022-03-21 00:00:00+00:00,381623885.5
2022-03-22 00:00:00+00:00,379693830.75
2022-03-23 00:00:00+00:00,382514680.0
2022-03-24 00:00:00+00:00,376872981.5
2022-03-25 00:00:00+00:00,380287693.75
2022-03-28 00:00:00+00:00,377021447.25
2022-03-29 00:00:00+00:00,363807995.5
2022-03-30 00:00:00+00:00,370785885.75
2022-03-31 00:00:00+00:00,377169913.0
2022-04-01 00:00:00+00:00,369004296.75
2022-04-04 00:00:00+00:00,378209173.25
2022-04-05 00:00:00+00:00,383702406.0
2022-04-06 00:00:00+00:00,381772351.25
2022-04-07 00:00:00+00:00,382514680.0
2022-04-08 00:00:00+00:00,378159692.0
2022-04-11 00:00:00+00:00,379842301.0
2022-04-12 00:00:00+00:00,375190382.0
2022-04-13 00:00:00+00:00,377992311.25
2022-04-14 00:00:00+00:00,380601004.0
2022-04-15 00:00:00+00:00,380890858.75
2022-04-18 00:00:00+00:00,389489883.0
2022-04-19 00:00:00+00:00,385915007.75
2022-04-20 00:00:00+00:00,390456065.5
2022-04-21 00:00:00+00:00,384079261.0
2022-04-22 00:00:00+00:00,381663804.75
2022-04-25 00:00:00+00:00,384465734.0
2022-04-26 00:00:00+00:00,383341088.0
2022-04-27 00:00:00+00:00,378748783.5
2022-04-28 00:00:00+00:00,378561342.5
2022-04-29 00:00:00+00:00,377717858.0
2022-05-02 00:00:00+00:00,379685988.5
2022-05-03 00:00:00+00:00,384278293.0
2022-05-04 00:00:00+00:00,385121777.5
2022-05-05 00:00:00+00:00,383153647.0
2022-05-06 00:00:00+00:00,387464790.0
2022-05-09 00:00:00+00:00,390370125.5
2022-05-10 00:00:00+00:00,391134943.5
2022-05-11 00:00:00+00:00,397157885.25
2022-05-12 00:00:00+00:00,401459986.5
2022-05-13 00:00:00+00:00,394194215.5
2022-05-16 00:00:00+00:00,399930350.5
2022-05-17 00:00:00+00:00,396584271.75
2022-05-18 00:00:00+00:00,389222898.5
2022-05-19 00:00:00+00:00,389892114.25
2022-05-20 00:00:00+00:00,388171273.75
2022-05-23 00:00:00+00:00,391039341.25
2022-05-24 00:00:00+00:00,399338227.75
2022-05-25 00:00:00+00:00,399052059.25
2022-05-26 00:00:00+00:00,403201502.5
2022-05-27 00:00:00+00:00,396190374.25
2022-05-30 00:00:00+00:00,395561233.37
2022-05-31 00:00:00+00:00,387023444.25
2022-06-01 00:00:00+00:00,378435478.25
2022-06-02 00:00:00+00:00,378049502.25
2022-06-03 00:00:00+00:00,376795080.25
2022-06-06 00:00:00+00:00,382777708.25
2022-06-07 00:00:00+00:00,388374360.25
2022-06-08 00:00:00+00:00,391269180.25
2022-06-09 00:00:00+00:00,394549976.25
2022-06-10 00:00:00+00:00,394646470.25
2022-06-13 00:00:00+00:00,393102566.25
2022-06-14 00:00:00+00:00,392716590.25
2022-06-15 00:00:00+00:00,394935952.25
2022-06-16 00:00:00+00:00,400436110.25
2022-06-17 00:00:00+00:00,398988700.25
2022-06-21 00:00:00+00:00,389821770.25
2022-06-22 00:00:00+00:00,385533243.0
2022-06-23 00:00:00+00:00,398103064.25
2022-06-24 00:00:00+00:00,396032740.75
2022-06-27 00:00:00+00:00,399581866.75
2022-06-28 00:00:00+00:00,390561171.5
2022-06-29 00:00:00+00:00,384202320.75
2022-06-30 00:00:00+00:00,399877627.25
2022-07-01 00:00:00+00:00,393518776.5
2022-07-05 00:00:00+00:00,404461915.0
2022-07-06 00:00:00+00:00,399581866.75
2022-07-07 00:00:00+00:00,397955184.0
2022-07-08 00:00:00+00:00,379470152.75
2022-07-11 00:00:00+00:00,377695589.75
2022-07-12 00:00:00+00:00,406384358.25
2022-07-13 00:00:00+00:00,402095831.0
2022-07-14 00:00:00+00:00,428714276.0
2022-07-15 00:00:00+00:00,482394806.75
2022-07-18 00:00:00+00:00,477662638.75
2022-07-19 00:00:00+00:00,486831214.25
2022-07-20 00:00:00+00:00,489493058.75
2022-07-21 00:00:00+00:00,481135115.75
2022-07-22 00:00:00+00:00,475309882.75
2022-07-25 00:00:00+00:00,483287919.25
2022-07-26 00:00:00+00:00,491899133.25
2022-07-27 00:00:00+00:00,493545394.75
2022-07-28 00:00:00+00:00,501016889.25
2022-07-29 00:00:00+00:00,501650066.75
2022-08-01 00:00:00+00:00,496964553.25
2022-08-02 00:00:00+00:00,488986516.75
2022-08-03 00:00:00+00:00,489113152.25
2022-08-04 00:00:00+00:00,494558478.75
2022-08-05 00:00:00+00:00,490573422.75
2022-08-08 00:00:00+00:00,491445153.75
2022-08-09 00:00:00+00:00,487958229.75
2022-08-10 00:00:00+00:00,485093970.75
2022-08-11 00:00:00+00:00,481108914.75
2022-08-12 00:00:00+00:00,475878528.75
2022-08-15 00:00:00+00:00,482354244.75
2022-08-16 00:00:00+00:00,490199823.75
2022-08-17 00:00:00+00:00,488207295.75
2022-08-18 00:00:00+00:00,485841168.75
2022-08-19 00:00:00+00:00,482727843.75
2022-08-22 00:00:00+00:00,478991853.75
2022-08-23 00:00:00+00:00,465791355.75
2022-08-24 00:00:00+00:00,462927096.75
2022-08-25 00:00:00+00:00,467036685.75
2022-08-26 00:00:00+00:00,472169757.0
2022-08-29 00:00:00+00:00,479013852.0
2022-08-30 00:00:00+00:00,477188760.0
2022-08-31 00:00:00+00:00,474451122.0
2022-09-01 00:00:00+00:00,467378890.5
2022-09-02 00:00:00+00:00,472283825.25
2022-09-05 00:00:00+00:00,471544662.99
2022-09-06 00:00:00+00:00,462529566.13
2022-09-07 00:00:00+00:00,465226678.13
2022-09-08 00:00:00+00:00,470789471.63
2022-09-09 00:00:00+00:00,450561131.63
2022-09-12 00:00:00+00:00,441289809.13
2022-09-13 00:00:00+00:00,443481212.63
2022-09-14 00:00:00+00:00,443481212.63
2022-09-15 00:00:00+00:00,464720969.63
2022-09-16 00:00:00+00:00,464889539.13
2022-09-19 00:00:00+00:00,464215261.13
2022-09-20 00:00:00+00:00,454943938.63
2022-09-21 00:00:00+00:00,459326745.63
2022-09-22 00:00:00+00:00,457472481.13
2022-09-23 00:00:00+00:00,452459769.13
2022-09-26 00:00:00+00:00,447882945.13
2022-09-27 00:00:00+00:00,448427805.13
2022-09-28 00:00:00+00:00,449735469.13
2022-09-29 00:00:00+00:00,449299581.13
2022-09-30 00:00:00+00:00,452786685.13
2022-10-03 00:00:00+00:00,454203321.13
2022-10-04 00:00:00+00:00,455184069.13
2022-10-05 00:00:00+00:00,455619957.13
2022-10-06 00:00:00+00:00,451914909.13
2022-10-07 00:00:00+00:00,455293041.13
2022-10-10 00:00:00+00:00,461831361.13
2022-10-11 00:00:00+00:00,459542949.13
2022-10-12 00:00:00+00:00,459542949.13
2022-10-13 00:00:00+00:00,461613417.13
2022-10-14 00:00:00+00:00,458126313.13
2022-10-17 00:00:00+00:00,462203875.63
2022-10-18 00:00:00+00:00,463834900.63
2022-10-19 00:00:00+00:00,465629028.13
2022-10-20 00:00:00+00:00,461877670.63
2022-10-21 00:00:00+00:00,461714568.13
2022-10-24 00:00:00+00:00,463508695.63
2022-10-25 00:00:00+00:00,460409748.13
2022-10-26 00:00:00+00:00,461225260.63
2022-10-27 00:00:00+00:00,460020881.63
2022-10-28 00:00:00+00:00,459363947.63
2022-10-31 00:00:00+00:00,464071974.63
2022-11-01 00:00:00+00:00,466809199.63
2022-11-02 00:00:00+00:00,462320150.63
2022-11-03 00:00:00+00:00,458707013.63
2022-11-04 00:00:00+00:00,459473436.63
2022-11-07 00:00:00+00:00,457174167.63
2022-11-08 00:00:00+00:00,453561030.63
2022-11-09 00:00:00+00:00,452247162.63
2022-11-10 00:00:00+00:00,447320157.63
2022-11-11 00:00:00+00:00,445138758.13
2022-11-14 00:00:00+00:00,445483189.63
2022-11-15 00:00:00+00:00,441120390.63
2022-11-16 00:00:00+00:00,441809253.63
2022-11-17 00:00:00+00:00,440775959.13
2022-11-18 00:00:00+00:00,440661148.63
2022-11-21 00:00:00+00:00,444449895.13
2022-11-22 00:00:00+00:00,445712810.63
2022-11-23 00:00:00+00:00,442727737.63
2022-11-25 00:00:00+00:00,440546338.13
2022-11-28 00:00:00+00:00,440201906.63
2022-11-29 00:00:00+00:00,441579632.63
2022-11-30 00:00:00+00:00,443301790.13
2022-12-01 00:00:00+00:00,437863726.13
2022-12-02 00:00:00+00:00,431066146.13
2022-12-05 00:00:00+00:00,428233821.13
2022-12-06 00:00:00+00:00,426761012.13
2022-12-07 00:00:00+00:00,427780649.13
2022-12-08 00:00:00+00:00,429706630.13
2022-12-09 00:00:00+00:00,430952853.13
2022-12-12 00:00:00+00:00,433898471.13
2022-12-13 00:00:00+00:00,435031401.13
2022-12-14 00:00:00+00:00,432878834.13
2022-12-15 00:00:00+00:00,439449828.13
2022-12-16 00:00:00+00:00,439223242.13
2022-12-19 00:00:00+00:00,436617503.13
2022-12-20 00:00:00+00:00,438770070.13
2022-12-21 00:00:00+00:00,443415083.13
2022-12-22 00:00:00+00:00,442622032.13
2022-12-23 00:00:00+00:00,445227771.13
2022-12-27 00:00:00+00:00,449079733.13
2022-12-28 00:00:00+00:00,452705109.13
2022-12-29 00:00:00+00:00,451232300.13
2022-12-30 00:00:00+00:00,450779128.13
2023-01-03 00:00:00+00:00,447153752.13
2023-01-04 00:00:00+00:00,458395347.13
2023-01-05 00:00:00+00:00,459066487.13
2023-01-06 00:00:00+00:00,458227562.13
2023-01-09 00:00:00+00:00,459066487.13
2023-01-10 00:00:00+00:00,457556422.13
2023-01-11 00:00:00+00:00,456885282.13
2023-01-12 00:00:00+00:00,446818182.13
2023-01-13 00:00:00+00:00,444133622.13
2023-01-17 00:00:00+00:00,437254437.13
2023-01-18 00:00:00+00:00,439938997.13
2023-01-19 00:00:00+00:00,442623557.13
2023-01-20 00:00:00+00:00,443294697.13
2023-01-23 00:00:00+00:00,450006097.13
2023-01-24 00:00:00+00:00,442791342.13
2023-01-25 00:00:00+00:00,444301407.13
2023-01-26 00:00:00+00:00,439100072.13
2023-01-27 00:00:00+00:00,438764502.13
2023-01-30 00:00:00+00:00,438261147.13
2023-01-31 00:00:00+00:00,440945707.13
2023-02-01 00:00:00+00:00,440106782.13
2023-02-02 00:00:00+00:00,443965837.13
2023-02-03 00:00:00+00:00,442455772.13
2023-02-06 00:00:00+00:00,441449062.13
2023-02-07 00:00:00+00:00,444804762.13
2023-02-08 00:00:00+00:00,441784632.13
2023-02-09 00:00:00+00:00,446985967.13
2023-02-10 00:00:00+00:00,440442352.13
2023-02-13 00:00:00+00:00,437422222.13
2023-02-14 00:00:00+00:00,439267857.13
2023-02-15 00:00:00+00:00,443294697.13
2023-02-16 00:00:00+00:00,443462482.13
2023-02-17 00:00:00+00:00,442287987.13
2023-02-21 00:00:00+00:00,440442352.13
2023-02-22 00:00:00+00:00,444636977.13
2023-02-23 00:00:00+00:00,454704077.13
2023-02-24 00:00:00+00:00,461415477.13
2023-02-27 00:00:00+00:00,465777887.13
2023-02-28 00:00:00+00:00,459593529.13
2023-03-01 00:00:00+00:00,464727713.13
2023-03-02 00:00:00+00:00,466015769.13
2023-03-03 00:00:00+00:00,462502889.13
2023-03-06 00:00:00+00:00,466367057.13
2023-03-07 00:00:00+00:00,467655113.13
2023-03-08 00:00:00+00:00,463516371.88
2023-03-09 00:00:00+00:00,456894385.88
2023-03-10 00:00:00+00:00,450639286.88
2023-03-13 00:00:00+00:00,450516637.88
2023-03-14 00:00:00+00:00,449044849.88
2023-03-15 00:00:00+00:00,449535445.88
2023-03-16 00:00:00+00:00,446469220.88
2023-03-17 00:00:00+00:00,445733326.88
2023-03-20 00:00:00+00:00,446346571.88
2023-03-21 00:00:00+00:00,447818359.88
2023-03-22 00:00:00+00:00,446101273.88
2023-03-23 00:00:00+00:00,446959816.88
2023-03-24 00:00:00+00:00,452302115.63
2023-03-27 00:00:00+00:00,454795188.38
2023-03-28 00:00:00+00:00,454320317.38
2023-03-29 00:00:00+00:00,455863648.13
2023-03-30 00:00:00+00:00,455388777.13
2023-03-31 00:00:00+00:00,460612358.13
2023-04-03 00:00:00+00:00,459306462.88
2023-04-04 00:00:00+00:00,457406978.88
2023-04-05 00:00:00+00:00,456932107.88
2023-04-06 00:00:00+00:00,452539551.13
2023-04-07 00:00:00+00:00,452539551.13
2023-04-10 00:00:00+00:00,457525696.63
2023-04-11 00:00:00+00:00,456101083.63
2023-04-12 00:00:00+00:00,458475438.63
2023-04-13 00:00:00+00:00,456694672.38
2023-04-14 00:00:00+00:00,463342866.38
2023-04-17 00:00:00+00:00,456419790.88
2023-04-18 00:00:00+00:00,455744368.88
2023-04-19 00:00:00+00:00,459290334.38
2023-04-20 00:00:00+00:00,465031421.38
2023-04-21 00:00:00+00:00,465369132.38
2023-04-24 00:00:00+00:00,473474196.38
2023-04-25 00:00:00+00:00,476682450.88
2023-04-26 00:00:00+00:00,480059560.88
2023-04-27 00:00:00+00:00,469888100.88
2023-04-28 00:00:00+00:00,476201420.88
2023-05-01 00:00:00+00:00,478656600.88
2023-05-02 00:00:00+00:00,477604380.88
2023-05-03 00:00:00+00:00,482690110.88
2023-05-04 00:00:00+00:00,483566960.88
2023-05-05 00:00:00+00:00,488301950.88
2023-05-08 00:00:00+00:00,490581760.88
2023-05-09 00:00:00+00:00,500349466.13
2023-05-10 00:00:00+00:00,498121743.88
2023-05-11 00:00:00+00:00,507032632.88
2023-05-12 00:00:00+00:00,506518543.13
2023-05-15 00:00:00+00:00,534450752.88
2023-05-16 00:00:00+00:00,542162099.13
2023-05-17 00:00:00+00:00,555699795.88
2023-05-18 00:00:00+00:00,559983877.13
2023-05-19 00:00:00+00:00,560497966.88
2023-05-22 00:00:00+00:00,549187992.38
2023-05-23 00:00:00+00:00,544732547.88
2023-05-24 00:00:00+00:00,538049381.13
2023-05-25 00:00:00+00:00,535650295.63
2023-05-26 00:00:00+00:00,526568043.38
2023-05-30 00:00:00+00:00,519117713.38
2023-05-31 00:00:00+00:00,519117713.38
2023-06-01 00:00:00+00:00,518000163.88
2023-06-02 00:00:00+00:00,530293208.38
2023-06-05 00:00:00+00:00,521725328.88
2023-06-06 00:00:00+00:00,529548175.38
2023-06-07 00:00:00+00:00,526754301.63
2023-06-08 00:00:00+00:00,531224499.63
2023-06-09 00:00:00+00:00,526754301.63
2023-06-12 00:00:00+00:00,536439730.63
2023-06-13 00:00:00+00:00,532900823.88
2023-06-14 00:00:00+00:00,529361917.13
2023-06-15 00:00:00+00:00,540909928.63
2023-06-16 00:00:00+00:00,553575489.63
2023-06-20 00:00:00+00:00,556183105.13
2023-06-21 00:00:00+00:00,537134564.88
2023-06-22 00:00:00+00:00,544474369.38
2023-06-23 00:00:00+00:00,565270482.13
2023-06-26 00:00:00+00:00,560726793.63
2023-06-27 00:00:00+00:00,570687956.88
2023-06-28 00:00:00+00:00,593755913.88
2023-06-29 00:00:00+00:00,600047174.88
2023-06-30 00:00:00+00:00,618571443.38
2023-07-03 00:00:00+00:00,616649113.63
2023-07-05 00:00:00+00:00,622940374.63
2023-07-06 00:00:00+00:00,610008338.13
2023-07-07 00:00:00+00:00,614377269.38
2023-07-10 00:00:00+00:00,607212222.13
2023-07-11 00:00:00+00:00,606513193.13
2023-07-12 00:00:00+00:00,621891831.13
2023-07-13 00:00:00+00:00,591309312.38
2023-07-14 00:00:00+00:00,586940381.13
2023-07-17 00:00:00+00:00,657192795.63
2023-07-18 00:00:00+00:00,636571440.13
2023-07-19 00:00:00+00:00,624862704.38
2023-07-20 00:00:00+00:00,630629693.63
2023-07-21 00:00:00+00:00,637794740.88
2023-07-24 00:00:00+00:00,614377269.38
2023-07-25 00:00:00+00:00,616474356.38
2023-07-26 00:00:00+00:00,628532606.63
2023-07-27 00:00:00+00:00,633425809.63
2023-07-28 00:00:00+00:00,641988914.88
2023-07-31 00:00:00+00:00,653872407.88
2023-08-01 00:00:00+00:00,658765610.88
2023-08-02 00:00:00+00:00,664882114.63
2023-08-03 00:00:00+00:00,670124832.13
2023-08-04 00:00:00+00:00,667678230.63
2023-08-07 00:00:00+00:00,669076288.63
2023-08-08 00:00:00+00:00,666629687.13
2023-08-09 00:00:00+00:00,669950074.88
2023-08-10 00:00:00+00:00,668377259.63
2023-08-11 00:00:00+00:00,674493763.38
2023-08-14 00:00:00+00:00,673619977.13
2023-08-15 00:00:00+00:00,681833567.88
2023-08-16 00:00:00+00:00,677988908.38
2023-08-17 00:00:00+00:00,675542306.88
2023-08-18 00:00:00+00:00,670998618.38
2023-08-21 00:00:00+00:00,678163665.63
2023-08-22 00:00:00+00:00,680085995.38
2023-08-23 00:00:00+00:00,673270462.63
2023-08-24 00:00:00+00:00,676066578.63
2023-08-25 00:00:00+00:00,677115122.13
2023-08-28 00:00:00+00:00,671697647.38
2023-08-29 00:00:00+00:00,677988908.38
2023-08-30 00:00:00+00:00,683406383.13
2023-08-31 00:00:00+00:00,683930654.88
2023-09-01 00:00:00+00:00,681309296.13
2023-09-05 00:00:00+00:00,676940364.88
2023-09-06 00:00:00+00:00,676590850.38
2023-09-07 00:00:00+00:00,676113650.13
2023-09-08 00:00:00+00:00,674682049.38
2023-09-11 00:00:00+00:00,672921111.63
2023-09-12 00:00:00+00:00,678043839.63
2023-09-13 00:00:00+00:00,677563583.88
2023-09-14 00:00:00+00:00,678524095.38
2023-09-15 00:00:00+00:00,669719406.63
2023-09-18 00:00:00+00:00,672761026.38
2023-09-19 00:00:00+00:00,669719406.63
2023-09-20 00:00:00+00:00,665877360.63
2023-09-21 00:00:00+00:00,670359747.63
2023-09-22 00:00:00+00:00,669079065.63
2023-09-25 00:00:00+00:00,666517701.63
2023-09-26 00:00:00+00:00,667478213.13
2023-09-27 00:00:00+00:00,665237019.63
2023-09-28 00:00:00+00:00,661875229.38
2023-09-29 00:00:00+00:00,669399236.13
2023-10-02 00:00:00+00:00,661715144.13
2023-10-03 00:00:00+00:00,662515570.38
2023-10-04 00:00:00+00:00,663476081.88
2023-10-05 00:00:00+00:00,656112160.38
2023-10-06 00:00:00+00:00,659634035.88
2023-10-09 00:00:00+00:00,662035314.63
2023-10-10 00:00:00+00:00,660345607.38
2023-10-11 00:00:00+00:00,661881704.88
2023-10-12 00:00:00+00:00,666797216.88
2023-10-13 00:00:00+00:00,665107509.63
2023-10-16 00:00:00+00:00,663110582.88
2023-10-17 00:00:00+00:00,662496143.88
2023-10-18 00:00:00+00:00,664339460.88
2023-10-19 00:00:00+00:00,672327167.88
2023-10-20 00:00:00+00:00,666489997.38
2023-10-23 00:00:00+00:00,663264192.63
2023-10-24 00:00:00+00:00,659423948.88
2023-10-25 00:00:00+00:00,656966192.88
2023-10-26 00:00:00+00:00,656505363.63
2023-10-27 00:00:00+00:00,657427022.13
2023-10-30 00:00:00+00:00,655890924.63
2023-10-31 00:00:00+00:00,656198144.13
2023-11-01 00:00:00+00:00,653893997.88
2023-11-02 00:00:00+00:00,650821802.88
2023-11-03 00:00:00+00:00,655276485.63
2023-11-06 00:00:00+00:00,655276485.63
2023-11-07 00:00:00+00:00,649900144.38
2023-11-08 00:00:00+00:00,654508436.88
2023-11-09 00:00:00+00:00,649592924.88
2023-11-10 00:00:00+00:00,647135168.88
2023-11-13 00:00:00+00:00,655276485.63
2023-11-14 00:00:00+00:00,655890924.63
2023-11-15 00:00:00+00:00,662188924.38
2023-11-16 00:00:00+00:00,665107509.63
2023-11-17 00:00:00+00:00,660191997.63
2023-11-20 00:00:00+00:00,661574485.38
2023-11-21 00:00:00+00:00,662496143.88
2023-11-22 00:00:00+00:00,661728095.13
2023-11-24 00:00:00+00:00,658502290.38
2023-11-27 00:00:00+00:00,654047607.63
2023-11-28 00:00:00+00:00,652972339.38
2023-11-29 00:00:00+00:00,654354827.13
2023-11-30 00:00:00+00:00,658655900.13
2023-12-01 00:00:00+00:00,647442388.38
2023-12-04 00:00:00+00:00,650187272.13
2023-12-05 00:00:00+00:00,644858968.38
2023-12-06 00:00:00+00:00,647280924.63
2023-12-07 00:00:00+00:00,645020432.13
2023-12-08 00:00:00+00:00,646635069.63
2023-12-11 00:00:00+00:00,650025808.38
2023-12-12 00:00:00+00:00,648734098.38
2023-12-13 00:00:00+00:00,652447764.63
2023-12-14 00:00:00+00:00,652447764.63
2023-12-15 00:00:00+00:00,635494070.88
2023-12-18 00:00:00+00:00,639369200.88
2023-12-19 00:00:00+00:00,642114084.63
2023-12-20 00:00:00+00:00,644051649.63
2023-12-21 00:00:00+00:00,642275548.38
2023-12-22 00:00:00+00:00,641952620.88
2023-12-26 00:00:00+00:00,637270172.13
2023-12-27 00:00:00+00:00,639692128.38
2023-12-28 00:00:00+00:00,641145302.13
2023-12-29 00:00:00+00:00,643082867.13
2024-01-02 00:00:00+00:00,647926779.63
2024-01-03 00:00:00+00:00,646957997.13
2024-01-04 00:00:00+00:00,646150678.38
2024-01-05 00:00:00+00:00,649864344.63
2024-01-08 00:00:00+00:00,653578010.88
2024-01-09 00:00:00+00:00,650833127.13
2024-01-10 00:00:00+00:00,650671663.38
2024-01-11 00:00:00+00:00,651801909.63
2024-01-12 00:00:00+00:00,658744850.88
2024-01-16 00:00:00+00:00,661005343.38
2024-01-17 00:00:00+00:00,661812662.13
2024-01-18 00:00:00+00:00,660682415.88
2024-01-19 00:00:00+00:00,659713633.38
2024-01-22 00:00:00+00:00,659552169.63
2024-01-23 00:00:00+00:00,659067778.38
2024-01-24 00:00:00+00:00,655354112.13
2024-01-25 00:00:00+00:00,655022437.63
2024-01-26 00:00:00+00:00,651374018.13
2024-01-29 00:00:00+00:00,647393924.13
2024-01-30 00:00:00+00:00,652369041.63
2024-01-31 00:00:00+00:00,652700716.13
2024-02-01 00:00:00+00:00,652037367.13
2024-02-02 00:00:00+00:00,649052296.63
2024-02-05 00:00:00+00:00,649052296.63
2024-02-06 00:00:00+00:00,646398900.63
2024-02-07 00:00:00+00:00,643413830.13
2024-02-08 00:00:00+00:00,642750481.13
2024-02-09 00:00:00+00:00,639931247.88
2024-02-12 00:00:00+00:00,640926271.38
2024-02-13 00:00:00+00:00,641092108.63
2024-02-14 00:00:00+00:00,636780340.13
2024-02-15 00:00:00+00:00,632468571.63
2024-02-16 00:00:00+00:00,631639385.38
2024-02-20 00:00:00+00:00,633131920.63
2024-02-21 00:00:00+00:00,627990965.88
2024-02-22 00:00:00+00:00,624674220.88
2024-02-23 00:00:00+00:00,620528289.63
2024-02-26 00:00:00+00:00,625337569.88
2024-02-27 00:00:00+00:00,636282828.38
2024-02-28 00:00:00+00:00,639599573.38
2024-02-29 00:00:00+00:00,638549398.38
2024-03-01 00:00:00+00:00,656664917.13
2024-03-04 00:00:00+00:00,651151498.38
2024-03-05 00:00:00+00:00,655352198.38
2024-03-06 00:00:00+00:00,658617006.88
2024-03-07 00:00:00+00:00,664421110.88
2024-03-08 00:00:00+00:00,664602489.13
2024-03-11 00:00:00+00:00,666053515.13
2024-03-12 00:00:00+00:00,666597649.88
2024-03-13 00:00:00+00:00,664783867.38
2024-03-14 00:00:00+00:00,661881815.38
2024-03-15 00:00:00+00:00,672220375.63
2024-03-18 00:00:00+00:00,671676240.88
2024-03-19 00:00:00+00:00,674215536.38
2024-03-20 00:00:00+00:00,673852779.88
2024-03-21 00:00:00+00:00,672656880.63
2024-03-22 00:00:00+00:00,673681937.13
2024-03-25 00:00:00+00:00,674706993.63
2024-03-26 00:00:00+00:00,678294691.38
2024-03-27 00:00:00+00:00,682224074.63
2024-03-28 00:00:00+00:00,671802666.88
2024-03-29 00:00:00+00:00,671972350.13
2024-04-01 00:00:00+00:00,667390902.38
2024-04-02 00:00:00+00:00,661282305.38
2024-04-03 00:00:00+00:00,657589460.63
2024-04-04 00:00:00+00:00,655127564.13
2024-04-05 00:00:00+00:00,655830963.13
2024-04-08 00:00:00+00:00,654951714.38
2024-04-09 00:00:00+00:00,657941160.13
2024-04-10 00:00:00+00:00,655830963.13
2024-04-11 00:00:00+00:00,659699657.63
2024-04-12 00:00:00+00:00,654951714.38
2024-04-15 00:00:00+00:00,657765310.38
2024-04-16 00:00:00+00:00,658117009.88
2024-04-17 00:00:00+00:00,651083019.88
2024-04-18 00:00:00+00:00,661106455.63
2024-04-19 00:00:00+00:00,649676221.88
2024-04-22 00:00:00+00:00,651962268.63
2024-04-23 00:00:00+00:00,642993931.38
2024-04-24 00:00:00+00:00,645807527.38
2024-04-25 00:00:00+00:00,651083019.88
2024-04-26 00:00:00+00:00,644752428.88
2024-04-29 00:00:00+00:00,645279978.13
2024-04-30 00:00:00+00:00,647038475.63
2024-05-01 00:00:00+00:00,651067571.63
2024-05-02 00:00:00+00:00,660133037.63
2024-05-03 00:00:00+00:00,660636674.63
2024-05-06 00:00:00+00:00,657363034.13
2024-05-07 00:00:00+00:00,654089393.63
2024-05-08 00:00:00+00:00,645779383.13
2024-05-09 00:00:00+00:00,643009379.63
2024-05-10 00:00:00+00:00,656103941.63
2024-05-13 00:00:00+00:00,658873945.13
2024-05-14 00:00:00+00:00,654089393.63
2024-05-15 00:00:00+00:00,662903041.13
2024-05-16 00:00:00+00:00,657363034.13
2024-05-17 00:00:00+00:00,652830301.13
2024-05-20 00:00:00+00:00,660888493.13
2024-05-21 00:00:00+00:00,658370308.13
2024-05-22 00:00:00+00:00,661643948.63
2024-05-23 00:00:00+00:00,659855332.13
2024-05-24 00:00:00+00:00,659367527.63
2024-05-28 00:00:00+00:00,660830941.13
2024-05-29 00:00:00+00:00,665546384.63
2024-05-30 00:00:00+00:00,669774023.63
2024-05-31 00:00:00+00:00,671400038.63
2024-06-03 00:00:00+00:00,673188655.13
2024-06-04 00:00:00+00:00,673839061.13
2024-06-05 00:00:00+00:00,675952880.63
2024-06-06 00:00:00+00:00,667660204.13
2024-06-07 00:00:00+00:00,669774023.63
2024-06-10 00:00:00+00:00,667822805.63
2024-06-11 00:00:00+00:00,669286219.13
2024-06-12 00:00:00+00:00,666196790.63
2024-06-13 00:00:00+00:00,663432565.13
2024-06-14 00:00:00+00:00,668961016.13
2024-06-17 00:00:00+00:00,668961016.13
2024-06-18 00:00:00+00:00,665221181.63
2024-06-20 00:00:00+00:00,672375647.63
2024-06-21 00:00:00+00:00,675139873.13
2024-06-24 00:00:00+00:00,675790279.13
2024-06-25 00:00:00+00:00,680830925.63
2024-06-26 00:00:00+00:00,684895963.13
2024-06-27 00:00:00+00:00,686847181.13
2024-06-28 00:00:00+00:00,696603271.13
2024-07-01 00:00:00+00:00,696928474.13
2024-07-02 00:00:00+00:00,696278068.13
2024-07-03 00:00:00+00:00,693520715.63
2024-07-05 00:00:00+00:00,699035420.63
2024-07-08 00:00:00+00:00,680009688.38
2024-07-09 00:00:00+00:00,680836894.13
2024-07-10 00:00:00+00:00,682767040.88
2024-07-11 00:00:00+00:00,687730275.38
2024-07-12 00:00:00+00:00,689660422.13
2024-07-15 00:00:00+00:00,692142039.38
2024-07-16 00:00:00+00:00,697105273.88
2024-07-17 00:00:00+00:00,700414096.88
2024-07-18 00:00:00+00:00,692969245.13
2024-07-19 00:00:00+00:00,692693509.88
2024-07-22 00:00:00+00:00,685096230.38
2024-07-23 00:00:00+00:00,683428534.88
2024-07-24 00:00:00+00:00,682872636.38
2024-07-25 00:00:00+00:00,680834341.88
2024-07-26 00:00:00+00:00,688802220.38
2024-07-29 00:00:00+00:00,687134524.88
2024-07-30 00:00:00+00:00,692508210.38
2024-07-31 00:00:00+00:00,696399499.88
2024-08-01 00:00:00+00:00,697325997.38
2024-08-02 00:00:00+00:00,693805306.88
2024-08-05 00:00:00+00:00,691025814.38
2024-08-06 00:00:00+00:00,692322910.88
2024-08-07 00:00:00+00:00,695658301.88
2024-08-08 00:00:00+00:00,698437794.38
2024-08-09 00:00:00+00:00,699920190.38
2024-08-12 00:00:00+00:00,704856894.88
2024-08-13 00:00:00+00:00,701629049.63
2024-08-14 00:00:00+00:00,698985881.13
2024-08-15 00:00:00+00:00,701817847.38
2024-08-16 00:00:00+00:00,705216206.88
2024-08-19 00:00:00+00:00,699363476.63
2024-08-20 00:00:00+00:00,701062656.38
2024-08-21 00:00:00+00:00,700873858.63
2024-08-22 00:00:00+00:00,704461015.88
2024-08-23 00:00:00+00:00,706348993.38
2024-08-26 00:00:00+00:00,702896309.88
2024-08-27 00:00:00+00:00,707691703.63
2024-08-28 00:00:00+00:00,706157177.63
2024-08-29 00:00:00+00:00,710185308.38
2024-08-30 00:00:00+00:00,714021623.38
2024-09-03 00:00:00+00:00,720351543.13
2024-09-04 00:00:00+00:00,717785875.13
2024-09-05 00:00:00+00:00,719251971.13
2024-09-06 00:00:00+00:00,722550687.13
2024-09-09 00:00:00+00:00,738677743.13
2024-09-10 00:00:00+00:00,742159721.13
2024-09-11 00:00:00+00:00,741426673.13
2024-09-12 00:00:00+00:00,745960180.13
2024-09-13 00:00:00+00:00,749508142.13
2024-09-16 00:00:00+00:00,765276862.13
2024-09-17 00:00:00+00:00,766656625.13
2024-09-18 00:00:00+00:00,766853734.13
2024-09-19 00:00:00+00:00,761334682.13
2024-09-20 00:00:00+00:00,758180938.13
2024-09-23 00:00:00+00:00,767445061.13
2024-09-24 00:00:00+00:00,766065298.13
2024-09-25 00:00:00+00:00,768824824.13
2024-09-26 00:00:00+00:00,767247952.13
2024-09-27 00:00:00+00:00,770993023.13
2024-09-30 00:00:00+00:00,776314966.13
2024-10-01 00:00:00+00:00,779665819.13
2024-10-02 00:00:00+00:00,782425345.13
2024-10-03 00:00:00+00:00,779074492.13
2024-10-04 00:00:00+00:00,776314966.13
2024-10-07 00:00:00+00:00,777300511.13
2024-10-08 00:00:00+00:00,773161222.13
2024-10-09 00:00:00+00:00,773358331.13
2024-10-10 00:00:00+00:00,775139803.63
2024-10-11 00:00:00+00:00,777099423.38
2024-10-14 00:00:00+00:00,782443840.88
2024-10-15 00:00:00+00:00,787431963.88
2024-10-16 00:00:00+00:00,784937902.38
2024-10-17 00:00:00+00:00,783512724.38
2024-10-18 00:00:00+00:00,782037618.38
2024-10-21 00:00:00+00:00,785540995.13
2024-10-22 00:00:00+00:00,790703866.13
2024-10-23 00:00:00+00:00,792547748.63
2024-10-24 00:00:00+00:00,794391631.13
2024-10-25 00:00:00+00:00,789781924.88
2024-10-28 00:00:00+00:00,786462936.38
2024-10-29 00:00:00+00:00,788675595.38
2024-10-30 00:00:00+00:00,787016101.13
2024-10-31 00:00:00+00:00,786462936.38
2024-11-01 00:00:00+00:00,789228760.13
2024-11-04 00:00:00+00:00,790703866.13
2024-11-05 00:00:00+00:00,792178972.13
2024-11-06 00:00:00+00:00,797895007.88
2024-11-07 00:00:00+00:00,798816949.13
2024-11-08 00:00:00+00:00,801398384.63
2024-11-11 00:00:00+00:00,800660831.63
2024-11-12 00:00:00+00:00,799554502.13
2024-11-13 00:00:00+00:00,798079396.13
2024-11-14 00:00:00+00:00,792547748.63
2024-11-15 00:00:00+00:00,796235513.63
2024-11-18 00:00:00+00:00,807851973.38
2024-11-19 00:00:00+00:00,806376867.38
2024-11-20 00:00:00+00:00,808036361.63
2024-11-21 00:00:00+00:00,810593179.13
2024-11-22 00:00:00+00:00,811274997.13
2024-11-25 00:00:00+00:00,812809087.63
2024-11-26 00:00:00+00:00,816218177.63
2024-11-27 00:00:00+00:00,816218177.63
2024-11-29 00:00:00+00:00,812809087.63
2024-12-02 00:00:00+00:00,813149996.63
2024-12-03 00:00:00+00:00,813320451.13
2024-12-04 00:00:00+00:00,814854541.63
2024-12-05 00:00:00+00:00,811445451.63
2024-12-06 00:00:00+00:00,808036361.63
2024-12-09 00:00:00+00:00,806843180.13
2024-12-10 00:00:00+00:00,801899999.63
2024-12-11 00:00:00+00:00,801398886.38
2024-12-12 00:00:00+00:00,790374394.88
2024-12-13 00:00:00+00:00,789205130.63
2024-12-16 00:00:00+00:00,799227395.63
2024-12-17 00:00:00+00:00,798225169.13
2024-12-18 00:00:00+00:00,794049225.38
2024-12-19 00:00:00+00:00,796387753.88
2024-12-20 00:00:00+00:00,800062584.38
2024-12-23 00:00:00+00:00,801064810.88
2024-12-24 00:00:00+00:00,801565924.13
2024-12-25 00:00:00+00:00,801565924.13
2024-12-26 00:00:00+00:00,805073716.88
2024-12-27 00:00:00+00:00,805240754.63
2024-12-30 00:00:00+00:00,804071490.38
2024-12-31 00:00:00+00:00,808247434.13
2025-01-01 00:00:00+00:00,808414471.88
2025-01-02 00:00:00+00:00,808915585.13
2025-01-03 00:00:00+00:00,817484678.88
2025-01-06 00:00:00+00:00,810629403.88
2025-01-07 00:00:00+00:00,810384572.63
2025-01-08 00:00:00+00:00,814301872.63
2025-01-09 00:00:00+00:00,812343222.63
2025-01-10 00:00:00+00:00,826652431.63
2025-01-13 00:00:00+00:00,832573483.63
2025-01-14 00:00:00+00:00,834462255.63
2025-01-15 00:00:00+00:00,830448615.13
2025-01-16 00:00:00+00:00,834462255.63
2025-01-17 00:00:00+00:00,825254492.13
2025-01-21 00:00:00+00:00,819824272.63
2025-01-22 00:00:00+00:00,816303869.63
2025-01-23 00:00:00+00:00,819671211.63
2025-01-24 00:00:00+00:00,817681418.63
2025-01-27 00:00:00+00:00,814926320.63
2025-01-28 00:00:00+00:00,816916113.63
2025-01-29 00:00:00+00:00,824109980.63
2025-01-30 00:00:00+00:00,819977333.63
2025-01-31 00:00:00+00:00,814926320.63
2025-02-03 00:00:00+00:00,819058967.63
2025-02-04 00:00:00+00:00,822579370.63
2025-02-05 00:00:00+00:00,821814065.63
2025-02-06 00:00:00+00:00,823038553.63
2025-02-07 00:00:00+00:00,818293662.63
2025-02-10 00:00:00+00:00,820742638.63
2025-02-11 00:00:00+00:00,816150808.63
2025-02-12 00:00:00+00:00,819977333.63
2025-02-13 00:00:00+00:00,821967126.63
2025-02-14 00:00:00+00:00,823650797.63
2025-02-18 00:00:00+00:00,835589555.63
2025-02-19 00:00:00+00:00,833446701.63
2025-02-20 00:00:00+00:00,833752823.63
2025-02-21 00:00:00+00:00,829007932.63
2025-02-24 00:00:00+00:00,824109980.63
2025-02-25 00:00:00+00:00,822426309.63
2025-02-26 00:00:00+00:00,821967126.63
2025-02-27 00:00:00+00:00,814314076.63
2025-02-28 00:00:00+00:00,807273270.63
2025-03-03 00:00:00+00:00,799161037.63
2025-03-04 00:00:00+00:00,796252878.63
2025-03-05 00:00:00+00:00,793428961.88
2025-03-06 00:00:00+00:00,787947241.13
2025-03-07 00:00:00+00:00,784458873.38
2025-03-10 00:00:00+00:00,791435608.88
2025-03-11 00:00:00+00:00,792930623.63
2025-03-12 00:00:00+00:00,798080118.88
2025-03-13 00:00:00+00:00,794923976.63
2025-03-14 00:00:00+00:00,800239584.63
2025-03-17 00:00:00+00:00,789940594.13
2025-03-18 00:00:00+00:00,791435608.88
2025-03-19 00:00:00+00:00,789276143.13
2025-03-20 00:00:00+00:00,784624986.13
2025-03-21 00:00:00+00:00,787781128.38
2025-03-24 00:00:00+00:00,787615015.63
2025-03-25 00:00:00+00:00,792100059.88
2025-03-26 00:00:00+00:00,796418991.38
2025-03-27 00:00:00+00:00,797249555.13
2025-03-28 00:00:00+00:00,795090089.38
2025-03-31 00:00:00+00:00,792432285.38
2025-04-01 00:00:00+00:00,789442255.88
2025-04-02 00:00:00+00:00,792100059.88
2025-04-03 00:00:00+00:00,792266172.63
2025-04-04 00:00:00+00:00,790438932.38
2025-04-07 00:00:00+00:00,787615015.63
2025-04-08 00:00:00+00:00,790521363.13
2025-04-09 00:00:00+00:00,793750638.13
2025-04-10 00:00:00+00:00,799563333.13
2025-04-11 00:00:00+00:00,804245781.88
2025-04-14 00:00:00+00:00,800855043.13
2025-04-15 00:00:00+00:00,798433086.88
2025-04-16 00:00:00+00:00,800370651.88
2025-04-17 00:00:00+00:00,801609679.88
2025-04-21 00:00:00+00:00,796808446.38
2025-04-22 00:00:00+00:00,800990165.88
2025-04-23 00:00:00+00:00,803468221.88
2025-04-24 00:00:00+00:00,800525530.38
2025-04-25 00:00:00+00:00,801455281.38
2025-04-28 00:00:00+00:00,800060654.88
2025-04-29 00:00:00+00:00,792002812.88
2025-04-30 00:00:00+00:00,795256941.38
2025-05-01 00:00:00+00:00,793242480.88
2025-05-02 00:00:00+00:00,791228020.38
2025-05-05 00:00:00+00:00,782085468.88
2025-05-06 00:00:00+00:00,780847165.13
2025-05-07 00:00:00+00:00,787038683.88
2025-05-08 00:00:00+00:00,788772309.13
2025-05-09 00:00:00+00:00,786543362.38
2025-05-12 00:00:00+00:00,795954470.88
2025-05-13 00:00:00+00:00,800164703.63
2025-05-14 00:00:00+00:00,797688096.13
2025-05-15 00:00:00+00:00,787781666.13
2025-05-16 00:00:00+00:00,792734881.13
2025-05-19 00:00:00+00:00,788772309.13
2025-05-20 00:00:00+00:00,795811411.13
2025-05-21 00:00:00+00:00,802347720.13
2025-05-22 00:00:00+00:00,804358892.13
2025-05-23 00:00:00+00:00,800839341.13
2025-05-26 00:00:00+00:00,800336548.13
2025-05-27 00:00:00+00:00,800839341.13
2025-05-28 00:00:00+00:00,792291860.13
2025-05-29 00:00:00+00:00,794952612.13
2025-05-30 00:00:00+00:00,796948176.13
2025-06-02 00:00:00+00:00,800773007.13
2025-06-03 00:00:00+00:00,800606710.13
2025-06-04 00:00:00+00:00,800440413.13
2025-06-05 00:00:00+00:00,800953233.13
2025-06-06 00:00:00+00:00,803004513.13
2025-06-09 00:00:00+00:00,796850673.13
2025-06-10 00:00:00+00:00,800440413.13
2025-06-11 00:00:00+00:00,799243833.13
2025-06-12 00:00:00+00:00,798214086.13
2025-06-13 00:00:00+00:00,794095098.13
2025-06-16 00:00:00+00:00,800788453.63
2025-06-17 00:00:00+00:00,803019572.13
2025-06-18 00:00:00+00:00,801646576.13
2025-06-19 00:00:00+00:00,801818200.63
2025-06-20 00:00:00+00:00,804907441.63
2025-06-23 00:00:00+00:00,812630544.13
2025-06-24 00:00:00+00:00,816234658.63
2025-06-25 00:00:00+00:00,821211769.13
2025-06-26 00:00:00+00:00,820471029.13
2025-06-27 00:00:00+00:00,826026579.13
2025-06-30 00:00:00+00:00,836396939.13
2025-07-01 00:00:00+00:00,833804349.13
2025-07-02 00:00:00+00:00,842322859.13
2025-07-03 00:00:00+00:00,839900715.63
2025-07-07 00:00:00+00:00,851146381.88
2025-07-08 00:00:00+00:00,855644648.38
2025-07-09 00:00:00+00:00,854779597.13
2025-07-10 00:00:00+00:00,854087556.13
2025-07-11 00:00:00+00:00,851026332.13
2025-07-14 00:00:00+00:00,842202804.13
2025-07-15 00:00:00+00:00,856428492.13
2025-07-16 00:00:00+00:00,859489716.13
2025-07-17 00:00:00+00:00,857328852.13
2025-07-18 00:00:00+00:00,852518876.38
2025-07-21 00:00:00+00:00,856438115.88
2025-07-22 00:00:00+00:00,859466619.13
2025-07-23 00:00:00+00:00,859822913.63
2025-07-24 00:00:00+00:00,857506999.38
2025-07-25 00:00:00+00:00,858754030.13
2025-07-28 00:00:00+00:00,862316975.13
2025-07-29 00:00:00+00:00,864454742.13
2025-07-30 00:00:00+00:00,863564005.88
2025-07-31 00:00:00+00:00,862495122.38
2025-08-01 00:00:00+00:00,860319897.38
2025-08-04 00:00:00+00:00,857600866.13
2025-08-05 00:00:00+00:00,853975491.13
2025-08-06 00:00:00+00:00,853431684.88
2025-08-07 00:00:00+00:00,857600866.13
2025-08-08 00:00:00+00:00,856513253.63
2025-08-11 00:00:00+00:00,858144672.38
2025-08-12 00:00:00+00:00,848537428.63
2025-08-13 00:00:00+00:00,850531384.88
2025-08-14 00:00:00+00:00,850531384.88
2025-08-15 00:00:00+00:00,856331984.88
2025-08-18 00:00:00+00:00,857238328.63
2025-08-19 00:00:00+00:00,859636851.38
2025-08-20 00:00:00+00:00,859083346.13
2025-08-21 00:00:00+00:00,853363791.88
2025-08-22 00:00:00+00:00,853181642.63
2025-08-25 00:00:00+00:00,853728090.38
2025-08-26 00:00:00+00:00,855729301.13
2025-08-27 00:00:00+00:00,858276296.63
2025-08-28 00:00:00+00:00,861231960.63
2025-08-29 00:00:00+00:00,868805849.63
2025-09-01 00:00:00+00:00,867143288.63
2025-09-02 00:00:00+00:00,870837868.63
2025-09-03 00:00:00+00:00,874383963.63
2025-09-04 00:00:00+00:00,873142830.38
2025-09-05 00:00:00+00:00,874383963.63
2025-09-08 00:00:00+00:00,885022248.63
2025-09-09 00:00:00+00:00,886263381.88
2025-09-10 00:00:00+00:00,883272729.88
2025-09-11 00:00:00+00:00,884581140.13
2025-09-12 00:00:00+00:00,884581140.13
2025-09-15 00:00:00+00:00,902711967.88
2025-09-16 00:00:00+00:00,907384861.63
2025-09-17 00:00:00+00:00,909305698.13
2025-09-18 00:00:00+00:00,911401156.13
2025-09-19 00:00:00+00:00,911226534.63
2025-09-22 00:00:00+00:00,912798128.13
2025-09-23 00:00:00+00:00,909654941.13
2025-09-24 00:00:00+00:00,911051913.13
2025-09-25 00:00:00+00:00,910004184.13
2025-09-26 00:00:00+00:00,907361791.63
2025-09-29 00:00:00+00:00,907009472.63
2025-09-30 00:00:00+00:00,902781644.63
2025-10-01 00:00:00+00:00,903486282.63
2025-10-02 00:00:00+00:00,899704770.63
2025-10-03 00:00:00+00:00,901685562.63
2025-10-06 00:00:00+00:00,899704770.63
2025-10-07 00:00:00+00:00,901145346.63
2025-10-08 00:00:00+00:00,902753446.38
2025-10-09 00:00:00+00:00,900073280.13
2025-10-10 00:00:00+00:00,896321047.38
2025-10-13 00:00:00+00:00,894712947.63
2025-10-14 00:00:00+00:00,896321047.38
2025-10-15 00:00:00+00:00,899001213.63
2025-10-16 00:00:00+00:00,902574768.63
2025-10-17 00:00:00+00:00,903110801.88
2025-10-20 00:00:00+00:00,903646835.13
2025-10-21 00:00:00+00:00,901145346.63
2025-10-22 00:00:00+00:00,903468157.38
2025-10-23 00:00:00+00:00,907041712.38
2025-10-24 00:00:00+00:00,903646835.13
2025-10-27 00:00:00+00:00,907577745.63
2025-10-28 00:00:00+00:00,909900556.38
2025-10-29 00:00:00+00:00,911329978.38
2025-10-30 00:00:00+00:00,908649812.13
2025-10-31 00:00:00+00:00,909543200.88
2025-11-03 00:00:00+00:00,911508656.13
2025-11-04 00:00:00+00:00,913408482.63
2025-11-05 00:00:00+00:00,910817810.13
2025-11-06 00:00:00+00:00,915308309.13
2025-11-07 00:00:00+00:00,916344578.13
2025-11-10 00:00:00+00:00,914617463.13
2025-11-11 00:00:00+00:00,916188143.13
2025-11-12 00:00:00+00:00,918456903.13
2025-11-13 00:00:00+00:00,922819903.13
2025-11-14 00:00:00+00:00,914966503.13
2025-11-17 00:00:00+00:00,902589978.38
2025-11-18 00:00:00+00:00,901544074.88
2025-11-19 00:00:00+00:00,907122226.88
2025-11-20 00:00:00+00:00,909736985.63
2025-11-21 00:00:00+00:00,909911302.88
2025-11-24 00:00:00+00:00,910434254.63
2025-11-25 00:00:00+00:00,909388351.13
2025-11-26 00:00:00+00:00,904507468.13
2025-11-27 00:00:00+00:00,904681785.38
2025-11-28 00:00:00+00:00,902764295.63
2025-12-01 00:00:00+00:00,900921751.63
2025-12-02 00:00:00+00:00,904271831.63
2025-12-03 00:00:00+00:00,899916727.63
2025-12-04 00:00:00+00:00,902429287.63
2025-12-05 00:00:00+00:00,904106200.13
2025-12-08 00:00:00+00:00,909807702.63
2025-12-09 00:00:00+00:00,906789260.13
2025-12-10 00:00:00+00:00,910813850.13
2025-12-11 00:00:00+00:00,910478467.63
2025-12-12 00:00:00+00:00,912993836.38
2025-12-15 00:00:00+00:00,907460025.13
2025-12-16 00:00:00+00:00,909640011.38
2025-12-17 00:00:00+00:00,906956951.38
2025-12-18 00:00:00+00:00,904273891.38
2025-12-19 00:00:00+00:00,904776965.13
2025-12-22 00:00:00+00:00,902596978.88
2025-12-23 00:00:00+00:00,902261596.38
2025-12-24 00:00:00+00:00,899913918.88
2025-12-26 00:00:00+00:00,900584683.88
2025-12-29 00:00:00+00:00,905783112.63
2025-12-30 00:00:00+00:00,906956951.38
2025-12-31 00:00:00+00:00,907124642.63
2026-01-02 00:00:00+00:00,908969246.38
2026-01-05 00:00:00+00:00,904273891.38
2026-01-06 00:00:00+00:00,904609273.88
2026-01-07 00:00:00+00:00,902764670.13
2026-01-08 00:00:00+00:00,903267743.88
2026-01-09 00:00:00+00:00,903435435.13
2026-01-12 00:00:00+00:00,919701486.38
2026-01-13 00:00:00+00:00,920875325.13
2026-01-14 00:00:00+00:00,919366103.88
2026-01-15 00:00:00+00:00,920539942.63
2026-01-16 00:00:00+00:00,917521500.13
2026-01-19 00:00:00+00:00,917689191.38
2026-01-20 00:00:00+00:00,918192265.13
2026-01-21 00:00:00+00:00,916776337.13
2026-01-22 00:00:00+00:00,918369256.13
2026-01-23 00:00:00+00:00,922971022.13
2026-01-26 00:00:00+00:00,921378103.13
2026-01-27 00:00:00+00:00,920139166.13
2026-01-28 00:00:00+00:00,922617040.13
2026-01-29 00:00:00+00:00,923148013.13
2026-01-30 00:00:00+00:00,921378103.13
2026-02-02 00:00:00+00:00,919608193.13
2026-02-03 00:00:00+00:00,921555094.13
2026-02-04 00:00:00+00:00,922263058.13
2026-02-05 00:00:00+00:00,926156860.13
2026-02-06 00:00:00+00:00,922794031.13
2026-02-09 00:00:00+00:00,921732085.13
2026-02-10 00:00:00+00:00,921732085.13
2026-02-11 00:00:00+00:00,920847130.13
2026-02-12 00:00:00+00:00,923501995.13
2026-02-13 00:00:00+00:00,923855977.13
2026-02-16 00:00:00+00:00,923325004.13
2026-02-17 00:00:00+00:00,926687833.13
2026-02-18 00:00:00+00:00,927395797.13
2026-02-19 00:00:00+00:00,927041815.13
2026-02-20 00:00:00+00:00,929519689.13
2026-02-23 00:00:00+00:00,929873671.13
2026-02-24 00:00:00+00:00,928634734.13
2026-02-25 00:00:00+00:00,931112608.13
2026-02-26 00:00:00+00:00,932174554.13
2026-02-27 00:00:00+00:00,935714374.13
2026-03-02 00:00:00+00:00,933767473.13
2026-03-03 00:00:00+00:00,934298446.13
2026-03-04 00:00:00+00:00,932351545.13
2026-03-05 00:00:00+00:00,939254194.13
2026-03-06 00:00:00+00:00,944209942.13
2026-03-09 00:00:00+00:00,927926770.13
2026-03-10 00:00:00+00:00,927041815.13
2026-03-11 00:00:00+00:00,932705527.13
2026-03-12 00:00:00+00:00,935537383.13
2026-03-13 00:00:00+00:00,938546230.13
2026-03-16 00:00:00+00:00,939608176.13
2026-03-17 00:00:00+00:00,939608176.13
2026-03-18 00:00:00+00:00,946156843.13
2026-03-19 00:00:00+00:00,950758609.13
2026-03-20 00:00:00+00:00,947749762.13
2026-03-23 00:00:00+00:00,951616570.13
2026-03-24 00:00:00+00:00,949683166.13
2026-03-25 00:00:00+00:00,946621943.13
2026-03-26 00:00:00+00:00,946783060.13
2026-03-27 00:00:00+00:00,950005400.13
2026-03-30 00:00:00+00:00,954033325.13
2026-03-31 00:00:00+00:00,952744389.13
2026-04-01 00:00:00+00:00,955000027.13
2026-04-02 00:00:00+00:00,956288963.13
2026-04-03 00:00:00+00:00,956288963.13
2026-04-06 00:00:00+00:00,955161144.13
2026-04-07 00:00:00+00:00,958383484.13
2026-04-08 00:00:00+00:00,959511303.13
2026-04-09 00:00:00+00:00,961605824.13
2026-04-10 00:00:00+00:00,963539228.13
2026-04-13 00:00:00+00:00,957094548.13
2026-04-14 00:00:00+00:00,956127846.13
2026-04-15 00:00:00+00:00,950972102.13
2026-04-16 00:00:00+00:00,952744389.13
2026-04-17 00:00:00+00:00,952905506.13
2026-04-20 00:00:00+00:00,951133219.13
2026-04-21 00:00:00+00:00,950005400.13
2026-04-22 00:00:00+00:00,949522049.13
2026-04-23 00:00:00+00:00,948877581.13
2026-04-24 00:00:00+00:00,949038698.13
2026-04-27 00:00:00+00:00,945333007.13
2026-04-28 00:00:00+00:00,949328744.63
2026-04-29 00:00:00+00:00,950767210.13
2026-04-30 00:00:00+00:00,948849256.13
2026-05-01 00:00:00+00:00,952365505.13
2026-05-04 00:00:00+00:00,955881754.13
2026-05-05 00:00:00+00:00,952205675.63
2026-05-06 00:00:00+00:00,944853518.63
2026-05-07 00:00:00+00:00,944214200.63
2026-05-08 00:00:00+00:00,946611643.13
2026-05-11 00:00:00+00:00,949168915.13
2026-05-12 00:00:00+00:00,952205675.63
2026-05-13 00:00:00+00:00,952685164.13
2026-05-14 00:00:00+00:00,944214200.63
2026-05-15 00:00:00+00:00,942219528.47
2026-05-18 00:00:00+00:00,950287721.63
2026-05-19 00:00:00+00:00,949168915.13
2026-05-20 00:00:00+00:00,943095394.13
2026-05-21 00:00:00+00:00,940857781.13
2026-05-22 00:00:00+00:00,941497099.13
2026-05-26 00:00:00+00:00,937821020.63
2026-05-27 00:00:00+00:00,934624430.63
2026-05-28 00:00:00+00:00,936702214.13
2026-05-29 00:00:00+00:00,930948352.13
2026-06-01 00:00:00+00:00,929190227.63
2026-06-02 00:00:00+00:00,926952614.63
2026-06-03 00:00:00+00:00,933082010.63
